CODGP_PROD_TEC; CODGP_PROD; Tema; Nombre Comerial; Nombre Proyecto; Tipo de Ciclo; NIT; Fecha de Registro; Tiene Productos; Disponibilidad; Objeto; Fecha Publicación; Número de Contrato; Acto Administrativo; 
COL0005762T43;COL000576243;;;;;;;;Restringido;;;2-02-26300-1212-2013;;
COL0005762T44;COL000576244;;;;;;;;Restringido;;;;;
COL0005762T45;COL000576245;;;;;;;;Restringido;;;;;
COL0005762T46;COL000576246;;;;;;;;Restringido;;;;;
COL0005762T47;COL000576247;;;;;;;;Restringido;;;;;
COL0005762T48;COL000576248;;;;;;;;Restringido;;;;;
COL0005762T49;COL000576249;;;;;;;;;;2012-01-24;;;
COL0005762T50;COL000576250;;Sistema de información en Gestión Energética PEN - SGIE,;Programa Estratégico Nacional - Sistema de Gestión integral de Energía;;;;;No restringido;;;;;
COL0005762T51;COL000576251;;PROVILUN,;Proyecto de vigilancia tecnológica y prospectiva en iluminación para el sector de alumbrado público e iluminación comercial.;;;;;No restringido;;;;;
COL0010889T446;COL0010889446;;;;;;;;Restringido;;;;;
COL0010889T447;COL0010889447;;;;;;;;Restricta;;;;;
COL0010889T448;COL0010889448;;;;;;;;Restricta;;;;;
COL0010889T449;COL0010889449;;;;;;;;Irrestricta;;;;;
COL0010889T450;COL0010889450;;;;;;;;Restringido;;;;;
COL0010889T451;COL0010889451;;;;;;;;Restringido;;;;;
COL0010889T452;COL0010889452;;;;;;;;Restringido;;;;;
COL0010889T453;COL0010889453;;;;;;;;Restringido;;;;;
COL0010889T454;COL0010889454;;;;;;;;Restringido;;;;;
COL0010889T455;COL0010889455;;;;;;;;Restringido;;;;;
COL0010889T456;COL0010889456;;;;;;;;Irrestricta;;;;;
COL0010889T457;COL0010889457;;;;;;;;Irrestricta;;;;;
COL0010889T458;COL0010889458;;;;;;;;Irrestricta;;;;;
COL0010889T459;COL0010889459;;Columna con intercambiadores secuenciales SHE y pared divisoria;;;;;;Restringido;;;;;
COL0010889T460;COL0010889460;;;;;;;;Restringido;;;;;
COL0010889T461;COL0010889461;;;;;;;;Restringido;;;;;
COL0010889T462;COL0010889462;;;;;;;;Restricta;;;;;
COL0010889T463;COL0010889463;;;;;;;;Restricta;;;;;
COL0010889T464;COL0010889464;;;;;;;;Restringido;;;;;
COL0010889T465;COL0010889465;;;;;;;;Irrestricta;;;;;
COL0010889T466;COL0010889466;;;;;;;;Restricta;;;;;
COL0010889T467;COL0010889467;;;;;;;;Irrestricta;;;;;
COL0010889T468;COL0010889468;;;;;;;;Restricta;;;;;
COL0010889T469;COL0010889469;;;;;;;;Restricta;;;;;
COL0010889T470;COL0010889470;;;;;;;;Restricta;;;;;
COL0010889T471;COL0010889471;;Reactor de lodos de lecho fijo central SCFBR;;;;;;Irrestricta;;;;;
COL0010889T472;COL0010889472;;Carboxylic acid recovery and methods related thereto;;;;;;Restringido;;;;;
COL0010889T473;COL0010889473;;;;;;;;Restringido;;;;;
COL0010889T474;COL0010889474;;;;;;;;Irrestricta;;;;;
COL0010889T475;COL0010889475;;;;;;;;Irrestricta;;;;;
COL0010889T476;COL0010889476;;;;;;;;Restricta;;;;;
COL0010889T477;COL0010889477;;-;;;;;;Restrita;;;;;
COL0010889T478;COL0010889478;;;;;900882944-6;2015-08-25;Tiene productos en el mercado;;;;;;
COL0010889T479;COL0010889479;;;;;830136878-5;2004-12-30;Tiene productos en el mercado;;;;;;
COL0000882T55;COL000088255;;;;;;;;Irrestricta;;;;;
COL0000882T56;COL000088256;;;;;;;;Irrestricta;;;;;
COL0000882T57;COL000088257;;;;;;;;Restricta;;;;;
COL0021139T96;COL002113996;;;;;;;;Restringido;;;000-000;;
COL0021139T97;COL002113997;;;;;;;;Restringido;;;;;
COL0021139T98;COL002113998;;;;;;;;Restringido;;;1101-08-11032;;
COL0021139T99;COL002113999;;;;;;;;Restringido;;;;;
COL0021139T100;COL0021139100;;;;;;;;Restringido;;;;;
COL0021139T101;COL0021139101;;;;;;;;Restringido;;;;;
COL0021139T102;COL0021139102;;;;;;;;Restringido;;;;;
COL0021139T103;COL0021139103;;;;;;;;Restringido;;;;;
COL0021139T104;COL0021139104;;;;;;;;Restringido;;;;;
COL0021139T105;COL0021139105;;;;;;;;Restringido;;;;;
COL0021139T106;COL0021139106;;;;;;;;Restringido;;;;;
COL0021139T107;COL0021139107;;;;;;;;Restringido;;;;;
COL0021139T108;COL0021139108;;;;;;;;Restringido;;;;;
COL0021139T109;COL0021139109;;;;;;;;Restringido;;;;;
COL0021139T110;COL0021139110;;;;;;;;Restringido;;;;;
COL0021139T111;COL0021139111;;;;;;;;Restringido;;;;;
COL0021139T112;COL0021139112;;;;;;;;Restringido;;;;;
COL0021139T113;COL0021139113;;;;;;;;Restringido;;;;;
COL0021139T114;COL0021139114;;;;;;;;Restricta;;;;;
COL0021139T115;COL0021139115;;En proceso de patente;;;;;;Restringido;;;;;
COL0021139T116;COL0021139116;;No tiene;;;;;;Restringido;;;;;
COL0021139T117;COL0021139117;;;;;;;;Restringido;;;;;
COL0021139T118;COL0021139118;;ControlPack;;;;;;Restringido;;;;;
COL0021139T119;COL0021139119;;ROBOT MAYA;;;;;;Restringido;;;;;
COL0021139T120;COL0021139120;;Máquina para ensayo dinmico de válvulas;;;;;;Irrestricta;;;;;
COL0021139T121;COL0021139121;;;;;;;;Irrestricta;;;;;
COL0021139T122;COL0021139122;;;;;;;;No restringido;;;;;
COL0021139T123;COL0021139123;;;;;;;;Restringido;;;;;
COL0021139T124;COL0021139124;;;;;;;;Restringido;;;;;
COL0021139T125;COL0021139125;;;;;;;;No restringido;;;;;
COL0021139T126;COL0021139126;;;;;;;;Restringido;;;;;
COL0021139T127;COL0021139127;;;;;;;;Restringido;;;;;
COL0021139T128;COL0021139128;;;;;;;;No restringido;;;;;
COL0021139T129;COL0021139129;;;;;;;;No restringido;;;;;
COL0021139T130;COL0021139130;;;;;;;;Restringido;;;;;
COL0021139T131;COL0021139131;;;;;;;;No restringido;;;;;
COL0021139T132;COL0021139132;;;;;;;;Restricta;;;;;
COL0021139T133;COL0021139133;;;;;;;;Restringido;;;;;
COL0021139T134;COL0021139134;;;;;;;;Restringido;;;;;
COL0021139T135;COL0021139135;;;;;;;;Restringido;;;;;
COL0021139T136;COL0021139136;;;;;;;;Restringido;;;;;
COL0021139T137;COL0021139137;;;;;;;;No restringido;;;;;
COL0021139T138;COL0021139138;;;;;;;;Irrestricta;;;;;
COL0021139T139;COL0021139139;;;;;;;;Irrestricta;;;;;
COL0021139T140;COL0021139140;;SISTEMA AUTONOMO DE ENSAMBLE SCARA-LIDAR SADE-UN,;;;;;;No restringido;;;;;
COL0021139T141;COL0021139141;;PLATAFORMA DE INTERCOMUNICACIÓN DE MÁQUINAS Y ROBOTS DE MANUFACTURA,;;;;;;Restringido;;;;;
COL0021139T142;COL0021139142;;SERVICIOS WEB DE MANUFACTURA EN LA NUBE PARA MAQUINAS Y ROBOTS DE MANUFACTURA,;;;;;;Restringido;;;;;
COL0021139T143;COL0021139143;;Software de control y tele-operación para vehículos de guiado automático,;;;;;;Restringido;;;;;
COL0021139T144;COL0021139144;;-;;;;;;Restringido;;;;;
COL0021139T145;COL0021139145;;PRISMMATIC,;;;;;;Restringido;;;;;
COL0021139T146;COL0021139146;;PLATAFORMA VIRTUAL PARA LA TELEOPERACIÓN DEL ROBOT MOTOMAN MH6-DX100 EN INTERNET,;Ministerio del Interior- Dirección Nacional de Derechos de Autor;;;;;Restringido;;;;;
COL0021139T147;COL0021139147;;Plataforma virtual para la teleoperación del robot Motoman MH6-DX100 en internet ,;;;;;;Restringido;;;;;
COL0021139T148;COL0021139148;;Software para el cálculo de la longitud de contacto en engranajes No-involuta,;Universidad Nacional de Colombia;;;;;Restringido;;;;;
COL0021139T149;COL0021139149;;Asistente de diseńo de engranajes de perfil No-involuta,;Universidad Nacional de Colombia;;;;;Restringido;;;;;
COL0021139T150;COL0021139150;;Software para teleoperación de máquinas ,;Universidad Nacional de Colombia;;;;;No restringido;;;;;
COL0021139T151;COL0021139151;;Sistema SCADA,;DIMM - 326 - 2008;;;;;No restringido;;;;;
COL0021139T152;COL0021139152;;Software MAAG.UN 2007,;11/12/2008;;;;;Restringido;;;;;
COL0021139T153;COL0021139153;;Sofware supervisión/IP- UN,;DIMM - 326 - 2008;;;;;No restringido;;;;;
COL0021139T154;COL0021139154;;Software de manufactura experimental CNC,;DIMM - 326 - 2008;;;;;No restringido;;;;;
COL0021139T155;COL0021139155;;CAM UNIGRAPHICS,;DC -057-04;;;;;Restringido;;;;;
COL0021139T156;COL0021139156;;Red de información para gestion de producción y manufactura,;13-2004;;;;;Restringido;;;;;
COL0021139T157;COL0021139157;;Software GearQu. UN 2004,;ramfe 288-2002-07;;;;;Restringido;;;;;
COL0021139T158;COL0021139158;;-;;;;;;;;;;;
COL0021139T159;COL0021139159;;-;;;;;;;;;;;
COL0021139T160;COL0021139160;;UNCORTE,;;;;;;Irrestricta;;;;;
COL0021139T161;COL0021139161;;-;;;;;;Restricta;;;;;
COL0010566T279;COL0010566279;;;;;;;;Restringido;;;;;
COL0010566T280;COL0010566280;;;;;;;;Restringido;;;;;
COL0010566T281;COL0010566281;;;;;;;;Restringido;;;;;
COL0010566T282;COL0010566282;;;;;;;;Restringido;;;;;
COL0010566T283;COL0010566283;;;;;;;;Restringido;;;;;
COL0010566T284;COL0010566284;;;;;;;;Restringido;;;;;
COL0010566T285;COL0010566285;;;;;;;;Restringido;;;;;
COL0010566T286;COL0010566286;;;;;;;;Restringido;;;;;
COL0010566T287;COL0010566287;;;;;;;;Restringido;;;;;
COL0010566T288;COL0010566288;;;;;;;;Restringido;;;;;
COL0010566T289;COL0010566289;;;;;;;;Restringido;;;;;
COL0029085T128;COL0029085128;;;;;;;;Restringido;;;ORDENES DE TRABAJO IEI 47, 50, 59, 60, 19, 120, 056, 023, 148, 025, 132, 046, 040, 027, 030, 017, 032, 024, 189, 018, 005, 004, 021, 020, 184, 113, 116, 076, 055, 137, 138, 127, 086, 092, 120, 097, 111, 112, 044, 062, 069, 081, 074, 049, 069, 045;;
COL0029085T129;COL0029085129;;;;;;;;Restringido;;;Ordenes de Trabajo IEI - Fac Ingeniería: 042 066 084 078 001 002 046 067 056 055 027 071 031 022 072 003 029 043 091 097 102 099 162 100 171 122 123 083 174 054 101 072;;
COL0029085T130;COL0029085130;;;;;;;;Restringido;;;Ordenes de Trabajo IEI - Fac Ingeniería: 019 132 098 090 087 020 093 010 091 041 068 106 139 018 015 072 113 006 042 125 123 033 138 049 050 114 094 021 112 077 118 119 117 116 014 031 032;;
COL0029085T131;COL0029085131;;;;;;;;Restringido;;;Ordenes de Trabajo IEI - Fac Ingeniería: 016 123 098 045 113 041 067 049 062 014 081 057 129 054 018 010 093 001 009 055 128 116 088 089 092 040 072 082 086 076 006 013 122 008 078 110 111 125 025 019 117 017 101 063 108 002 106 119 060 003 061 044 109 121 120;;
COL0029085T132;COL0029085132;;;;;;;;Restringido;;;Ordenes de Trabajo IEI - Fac Ingeniería: 017 106 157 135 154 144 143 095 141 108 121 149 014 122 031 146 147 145 041 032;;
COL0029085T133;COL0029085133;;;;;;;;Restringido;;;Ordenes de Trabajo IEI - Fac Ingeniería: 099 040 067 004 124 063 041 178 171 116 050 042 103 018 110 139 166 133 151 137 069 022 152 157 108 072 167 149 158 176 088 121 127 151 023 122 028 049 027 076 039 172 174 173;;
COL0029085T134;COL0029085134;;;;;;;;Restringido;;;Ordenes de Trabajo IEI - Fac Ingeniería: 073 072 014 165 093 055 169 154 160 028 035 045 119 173 096 170 159 031 013 113 038 001 067 138 116 061 076 188 120 123 097 034;;
COL0029085T135;COL0029085135;;;;;;;;Restringido;;;Ordenes de Trabajo IEI - Fac Ingeniería: 092 182 060 227 142 120 167 168 169 001 137 061 041 007 036 045 369 150 180 042 226 191 147 017 119 071 153 009 224 021 018 062 165 063 070 201 170 138 027 230;;
COL0029085T136;COL0029085136;;;;;;;;Restringido;;;Ordenes de Trabajo IEI - Fac Ingeniería: 089 010 090 038 170 216 182 025 099 021 238 220 188 250 219 003 079 033 284 232 082 144 078 026 151 160 231 020 133 164 165 107 096 252 095 017 112 056 228 055 117 114 017 113 094 093 057 227;;
COL0029085T137;COL0029085137;;;;;;;;Restringido;;;Orden de Trabajo LMPR - 021 - 2007 del IEI - Facultad de Ingeniería - Universidad Nacional Sede Bogotá D.C.;;
COL0029085T138;COL0029085138;;;;;;;;Restringido;;;Ordenes de Trabajo IEI - Fac Ingeniería: 021 186 034 087 096 090 020 052 001 003 110 173 176 177 187 159 149 121 085 154 048 076 163 091 118 023 164 195 130;;
COL0029085T139;COL0029085139;;;;;;;;Restringido;;;Orden de Trabajo LMPR - 034 - 2007 del IEI - Facultad de Ingeniería - Universidad Nacional Sede Bogotá D.C.;;
COL0029085T140;COL0029085140;;;;;;;;Restringido;;;Orden de Trabajo LMPR - 087 - 2007 del IEI - Facultad de Ingeniería - Universidad Nacional Sede Bogotá D.C.;;
COL0029085T141;COL0029085141;;;;;;;;Restringido;;;Orden de Trabajo LMPR - 096 - 2007 del IEI - Facultad de Ingeniería - Universidad Nacional Sede Bogotá D.C.;;
COL0029085T142;COL0029085142;;;;;;;;Restringido;;;Orden de Trabajo LMPR - 090 - 2007 del IEI - Facultad de Ingeniería - Universidad Nacional Sede Bogotá D.C.;;
COL0029085T143;COL0029085143;;;;;;;;Restringido;;;Orden de Trabajo LMPR - 020 - 2007 del IEI - Facultad de Ingeniería - Universidad Nacional Sede Bogotá D.C.;;
COL0029085T144;COL0029085144;;;;;;;;Restringido;;;Orden de Trabajo LMPR - 052 - 2007 del IEI - Facultad de Ingeniería - Universidad Nacional Sede Bogotá D.C.;;
COL0029085T145;COL0029085145;;;;;;;;Restringido;;;Orden de Trabajo LMPR - 001 - 2007 del IEI - Facultad de Ingeniería - Universidad Nacional Sede Bogotá D.C.;;
COL0029085T146;COL0029085146;;;;;;;;Restringido;;;Orden de Trabajo LMPR - 003 - 2007 del IEI - Facultad de Ingeniería - Universidad Nacional Sede Bogotá D.C.;;
COL0029085T147;COL0029085147;;;;;;;;Restringido;;;Orden de Trabajo LMPR - 110 - 2007 del IEI - Facultad de Ingeniería - Universidad Nacional Sede Bogotá D.C.;;
COL0029085T148;COL0029085148;;;;;;;;Restringido;;;Orden de Trabajo LMPR - 159 - 2006 del IEI - Facultad de Ingeniería - Universidad Nacional Sede Bogotá D.C.;;
COL0029085T149;COL0029085149;;;;;;;;Restringido;;;Orden de Trabajo LMPR - 085 - 2007 del IEI - Facultad de Ingeniería - Universidad Nacional Sede Bogotá D.C.;;
COL0029085T150;COL0029085150;;;;;;;;Restringido;;;Orden de Trabajo LMPR - 048 - 2007 del IEI - Facultad de Ingeniería - Universidad Nacional Sede Bogotá D.C.;;
COL0029085T151;COL0029085151;;;;;;;;Restringido;;;Orden de Trabajo LMPR - 076 - 2007 del IEI - Facultad de Ingeniería - Universidad Nacional Sede Bogotá D.C.;;
COL0029085T152;COL0029085152;;;;;;;;Restringido;;;Orden de Trabajo LMPR - 091 - 2007 del IEI - Facultad de Ingeniería - Universidad Nacional Sede Bogotá D.C.;;
COL0029085T153;COL0029085153;;;;;;;;Restringido;;;;;
COL0029085T154;COL0029085154;;;;;;;;Restringido;;;Orden de Trabajo LMPR - 003 - 2007 del IEI - Facultad de Ingeniería - Universidad Nacional Sede Bogotá D.C.;;
COL0029085T155;COL0029085155;;;;;;;;Restringido;;;Orden de Trabajo LMPR - 023 - 2007 del IEI - Facultad de Ingeniería - Universidad Nacional Sede Bogotá D.C.;;
COL0029085T156;COL0029085156;;;;;;;;Restringido;;;Convenio Instituto Nacional de Ciencias Forenses - Universidad Nacional de Colombia;;
COL0029085T157;COL0029085157;;;;;;;;Restringido;;;;;
COL0029085T158;COL0029085158;;;;;;;;Restringido;;;Orden de Trabajo LMPR - 173 - 2007 del IEI - Facultad de Ingeniería - Universidad Nacional Sede Bogotá D.C.;;
COL0029085T159;COL0029085159;;;;;;;;Restringido;;;CONTRATO 284-00-A-COFAC-DIPLO-2007;;
COL0029085T160;COL0029085160;;;;;;;;Restringido;;;Orden de Trabajo LMPR - 149 - 2007 del IEI - Facultad de Ingeniería - Universidad Nacional Sede Bogotá D.C.;;
COL0029085T161;COL0029085161;;;;;;;;Restringido;;;;;
COL0029085T162;COL0029085162;;;;;;;;Restringido;;;Convenio Instituto Nacional de Ciencias Forenses - Universidad Nacional de Colombia;;
COL0029085T163;COL0029085163;;;;;;;;Restringido;;;Orden de Trabajo LMPR - 121 - 2007 del IEI - Facultad de Ingeniería - Universidad Nacional Sede Bogotá D.C.;;
COL0029085T164;COL0029085164;;;;;;;;Restringido;;;Orden de Trabajo LMPR - 154 - 2007 del IEI - Facultad de Ingeniería - Universidad Nacional Sede Bogotá D.C.;;
COL0029085T165;COL0029085165;;;;;;;;Restringido;;;Orden de Trabajo LMPR - 163 - 2007 del IEI - Facultad de Ingeniería - Universidad Nacional Sede Bogotá D.C.;;
COL0029085T166;COL0029085166;;;;;;;;Restringido;;;Orden de Trabajo LMPR - 118 - 2007 del IEI - Facultad de Ingeniería - Universidad Nacional Sede Bogotá D.C.;;
COL0029085T167;COL0029085167;;;;;;;;Restringido;;;Orden de Trabajo LMPR - 164 - 2007 del IEI - Facultad de Ingeniería - Universidad Nacional Sede Bogotá D.C.;;
COL0029085T168;COL0029085168;;;;;;;;Restringido;;;Orden de Trabajo LMPR - 164 - 2007 del IEI - Facultad de Ingeniería - Universidad Nacional Sede Bogotá D.C.;;
COL0029085T169;COL0029085169;;;;;;;;Restringido;;;Orden de Trabajo LMPR - 195 - 2007 del IEI - Facultad de Ingeniería - Universidad Nacional Sede Bogotá D.C.;;
COL0029085T170;COL0029085170;;;;;;;;Restringido;;;Orden de Trabajo LMPR - 130 - 2007 del IEI - Facultad de Ingeniería - Universidad Nacional Sede Bogotá D.C.;;
COL0029085T171;COL0029085171;;;;;;;;Restringido;;;Orden de Trabajo LMPR - 186 - 2006 del IEI - Facultad de Ingeniería - Universidad Nacional Sede Bogotá D.C.;;
COL0029085T172;COL0029085172;;;;;;;;Restricta;;;;;
COL0029085T173;COL0029085173;;;;;;;;Restringido;;;Ordenes de Trabajo IEI - Fac Ingeniería: 63 10 109 160 002 087 163 178 035 082 130 006 038 092 056 022 096 132 146 062 007 075 083 098 161 038 021 049 071 065 073 059 029 068;;
COL0029085T174;COL0029085174;;;;;;;;Restricta;;;;;
COL0029085T175;COL0029085175;;;;;;;;Restricta;;;;;
COL0029085T176;COL0029085176;;;;;;;;Restricta;;;;;
COL0029085T177;COL0029085177;;;;;;;;Restricta;;;;;
COL0029085T178;COL0029085178;;;;;;;;Restricta;;;;;
COL0029085T179;COL0029085179;;;;;;;;Restricta;;;;;
COL0029085T180;COL0029085180;;;;;;;;Restricta;;;;;
COL0029085T181;COL0029085181;;;;;;;;Restricta;;;;;
COL0029085T182;COL0029085182;;;;;;;;Restricta;;;;;
COL0029085T183;COL0029085183;;;;;;;;Restricta;;;;;
COL0029085T184;COL0029085184;;;;;;;;Restricta;;;;;
COL0029085T185;COL0029085185;;;;;;;;Restricta;;;;;
COL0029085T186;COL0029085186;;;;;;;;Restricta;;;;;
COL0029085T187;COL0029085187;;;;;;;;Restricta;;;;;
COL0029085T188;COL0029085188;;;;;;;;Restricta;;;;;
COL0029085T189;COL0029085189;;;;;;;;Restricta;;;;;
COL0029085T190;COL0029085190;;;;;;;;Restricta;;;;;
COL0029085T191;COL0029085191;;;;;;;;Restricta;;;;;
COL0029085T192;COL0029085192;;;;;;;;Restricta;;;;;
COL0029085T193;COL0029085193;;;;;;;;Restricta;;;;;
COL0029085T194;COL0029085194;;;;;;;;Restricta;;;;;
COL0029085T195;COL0029085195;;;;;;;;Restricta;;;;;
COL0029085T196;COL0029085196;;;;;;;;Restricta;;;;;
COL0029085T197;COL0029085197;;;;;;;;Restricta;;;;;
COL0029085T198;COL0029085198;;;;;;;;Restricta;;;;;
COL0029085T199;COL0029085199;;;;;;;;Restricta;;;;;
COL0029085T200;COL0029085200;;;;;;;;Restricta;;;;;
COL0029085T201;COL0029085201;;;;;;;;Restricta;;;;;
COL0029085T202;COL0029085202;;;;;;;;Restricta;;;;;
COL0029085T203;COL0029085203;;;;;;;;Restricta;;;;;
COL0029085T204;COL0029085204;;;;;;;;Restricta;;;;;
COL0029085T205;COL0029085205;;;;;;;;Restricta;;;;;
COL0029085T206;COL0029085206;;;;;;;;Restricta;;;;;
COL0029085T207;COL0029085207;;;;;;;;Restricta;;;;;
COL0029085T208;COL0029085208;;;;;;;;Restricta;;;;;
COL0029085T209;COL0029085209;;;;;;;;Restricta;;;;;
COL0029085T210;COL0029085210;;;;;;;;Restricta;;;;;
COL0029085T211;COL0029085211;;;;;;;;Restricta;;;;;
COL0029085T212;COL0029085212;;;;;;;;Restricta;;;;;
COL0029085T213;COL0029085213;;;;;;;;Restricta;;;;;
COL0029085T214;COL0029085214;;;;;;;;Restricta;;;;;
COL0029085T215;COL0029085215;;;;;;;;Restricta;;;;;
COL0029085T216;COL0029085216;;;;;;;;Restringido;;;Orden de Trabajo MET - 194 - 2004 del IEI - Facultad de Ingeniería - Universidad Nacional Sede Bogotá D.C.;;
COL0029085T217;COL0029085217;;;;;;;;Restricta;;;;;
COL0029085T218;COL0029085218;;;;;;;;;;;;;
COL0029085T219;COL0029085219;;;;;;;;Restricta;;;;;
COL0029085T220;COL0029085220;;;;;;;;Restricta;;;;;
COL0029085T221;COL0029085221;;;;;;;;Restricta;;;;;
COL0029085T222;COL0029085222;;;;;;;;Restricta;;;;;
COL0029085T223;COL0029085223;;;;;;;;Restricta;;;;;
COL0029085T224;COL0029085224;;;;;;;;Restricta;;;;;
COL0029085T225;COL0029085225;;;;;;;;Restricta;;;;;
COL0029085T226;COL0029085226;;;;;;;;Restricta;;;;;
COL0029085T227;COL0029085227;;;;;;;;Restricta;;;;;
COL0029085T228;COL0029085228;;;;;;;;Restricta;;;;;
COL0029085T229;COL0029085229;;;;;;;;Restricta;;;;;
COL0029085T230;COL0029085230;;;;;;;;Restricta;;;;;
COL0029085T231;COL0029085231;;;;;;;;Restricta;;;;;
COL0029085T232;COL0029085232;;;;;;;;Restricta;;;;;
COL0029085T233;COL0029085233;;;;;;;;Restricta;;;;;
COL0029085T234;COL0029085234;;;;;;;;Restricta;;;;;
COL0029085T235;COL0029085235;;;;;;;;Restricta;;;;;
COL0029085T236;COL0029085236;;;;;;;;Restricta;;;;;
COL0029085T237;COL0029085237;;;;;;;;Restricta;;;;;
COL0029085T238;COL0029085238;;;;;;;;Restricta;;;;;
COL0029085T239;COL0029085239;;;;;;;;Restricta;;;;;
COL0029085T240;COL0029085240;;;;;;;;Restricta;;;;;
COL0029085T241;COL0029085241;;;;;;;;Restricta;;;;;
COL0029085T242;COL0029085242;;;;;;;;Restricta;;;;;
COL0029085T243;COL0029085243;;;;;;;;Restricta;;;;;
COL0029085T244;COL0029085244;;;;;;;;Restricta;;;;;
COL0029085T245;COL0029085245;;;;;;;;Restricta;;;;;
COL0029085T246;COL0029085246;;;;;;;;Restricta;;;;;
COL0029085T247;COL0029085247;;;;;;;;Restricta;;;;;
COL0029085T248;COL0029085248;;;;;;;;Restricta;;;;;
COL0029085T249;COL0029085249;;;;;;;;Restricta;;;;;
COL0029085T250;COL0029085250;;;;;;;;Restricta;;;;;
COL0029085T251;COL0029085251;;;;;;;;Restricta;;;;;
COL0029085T252;COL0029085252;;;;;;;;Restricta;;;;;
COL0029085T253;COL0029085253;;;;;;;;Restricta;;;;;
COL0029085T254;COL0029085254;;;;;;;;Restricta;;;;;
COL0029085T255;COL0029085255;;;;;;;;Restricta;;;;;
COL0029085T256;COL0029085256;;;;;;;;Restricta;;;;;
COL0029085T257;COL0029085257;;;;;;;;Restricta;;;;;
COL0029085T258;COL0029085258;;;;;;;;Restricta;;;;;
COL0029085T259;COL0029085259;;;;;;;;Restricta;;;;;
COL0029085T260;COL0029085260;;;;;;;;Restricta;;;;;
COL0029085T261;COL0029085261;;;;;;;;Restricta;;;;;
COL0029085T262;COL0029085262;;;;;;;;Restricta;;;;;
COL0029085T263;COL0029085263;;;;;;;;Restricta;;;;;
COL0029085T264;COL0029085264;;;;;;;;Restricta;;;;;
COL0029085T265;COL0029085265;;;;;;;;Restricta;;;;;
COL0029085T266;COL0029085266;;;;;;;;Restricta;;;;;
COL0029085T267;COL0029085267;;;;;;;;Restricta;;;;;
COL0029085T268;COL0029085268;;;;;;;;Restricta;;;;;
COL0029085T269;COL0029085269;;;;;;;;Restricta;;;;;
COL0029085T270;COL0029085270;;;;;;;;Restricta;;;;;
COL0029085T271;COL0029085271;;;;;;;;Restricta;;;;;
COL0029085T272;COL0029085272;;;;;;;;Restricta;;;;;
COL0029085T273;COL0029085273;;;;;;;;Restricta;;;;;
COL0029085T274;COL0029085274;;;;;;;;Restricta;;;;;
COL0029085T275;COL0029085275;;;;;;;;Restricta;;;;;
COL0029085T276;COL0029085276;;;;;;;;Restricta;;;;;
COL0029085T277;COL0029085277;;;;;;;;Restricta;;;;;
COL0029085T278;COL0029085278;;;;;;;;Restricta;;;;;
COL0029085T279;COL0029085279;;;;;;;;Restricta;;;;;
COL0029085T280;COL0029085280;;;;;;;;Restricta;;;;;
COL0029085T281;COL0029085281;;;;;;;;Restricta;;;;;
COL0029085T282;COL0029085282;;;;;;;;Restricta;;;;;
COL0029085T283;COL0029085283;;;;;;;;Restricta;;;;;
COL0029085T284;COL0029085284;;;;;;;;Restricta;;;;;
COL0029085T285;COL0029085285;;;;;;;;Restricta;;;;;
COL0029085T286;COL0029085286;;;;;;;;Restricta;;;;;
COL0029085T287;COL0029085287;;;;;;;;Restricta;;;;;
COL0029085T288;COL0029085288;;;;;;;;Restricta;;;;;
COL0029085T289;COL0029085289;;;;;;;;Restricta;;;;;
COL0029085T290;COL0029085290;;;;;;;;Restricta;;;;;
COL0024499T15;COL002449915;;;;;;;;Irrestricta;;;;;
COL0024499T16;COL002449916;;;;;;;;Irrestricta;;;;;
COL0024499T17;COL002449917;;;;;;;;Irrestricta;;;;;
COL0024499T18;COL002449918;;;;;;;;Restricta;;;;;
COL0024499T19;COL002449919;;;;;;;;Restricta;;;;;
COL0024499T20;COL002449920;;;;;;;;Irrestricta;;;;;
COL0024499T21;COL002449921;;;;;;;;Irrestricta;;;;;
COL0024499T22;COL002449922;;;;;;;;Irrestricta;;;;;
COL0024499T23;COL002449923;;;;;;;;Irrestricta;;;;;
COL0024499T24;COL002449924;;;;;;;;Irrestricta;;;;;
COL0024499T25;COL002449925;;;;;;;;Irrestricta;;;;;
COL0024499T26;COL002449926;;;;;;;;Irrestricta;;;;;
COL0024499T27;COL002449927;;;;;;;;Irrestricta;;;;;
COL0024499T28;COL002449928;;;;;;;;Irrestricta;;;;;
COL0024499T29;COL002449929;;;;;;;;Irrestricta;;;;;
COL0024499T30;COL002449930;;;;;;;;Irrestricta;;;;;
COL0024499T31;COL002449931;;;;;;;;Irrestricta;;;;;
COL0024499T32;COL002449932;;;;;;;;Irrestricta;;;;;
COL0024499T33;COL002449933;;;;;;;;Restricta;;;;;
COL0024499T34;COL002449934;;;;;;;;Restricta;;;;;
COL0024499T35;COL002449935;;;;;;;;Irrestricta;;;;;
COL0024499T36;COL002449936;;;;;;;;Irrestricta;;;;;
COL0024499T37;COL002449937;;;;;;;;Irrestricta;;;;;
COL0024499T38;COL002449938;;;;;;;;Irrestricta;;;;;
COL0024499T39;COL002449939;;;;;;;;;;;;;
COL0024499T40;COL002449940;;;;;;;;Restricta;;;;;
COL0024499T41;COL002449941;;;;;;;;Restricta;;;;;
COL0024499T42;COL002449942;;;;;;;;Restricta;;;;;
COL0024499T43;COL002449943;;;;;;;;Restricta;;;;;
COL0024499T44;COL002449944;;;;;;;;Restricta;;;;;
COL0024499T45;COL002449945;;;;;;;;Irrestricta;;;;;
COL0024499T46;COL002449946;;;;;;;;Restricta;;;;;
COL0024499T47;COL002449947;;;;;;;;Restricta;;;;;
COL0024499T48;COL002449948;;;;;;;;Irrestricta;;;;;
COL0024499T49;COL002449949;;;;;;;;Restricta;;;;;
COL0024499T50;COL002449950;;;;;;;;Restricta;;;;;
COL0024499T51;COL002449951;;;;;;;;Restricta;;;;;
COL0024499T52;COL002449952;;;;;;;;Restricta;;;;;
COL0024499T53;COL002449953;;;;;;;;Restricta;;;;;
COL0024499T54;COL002449954;;;;;;;;Restricta;;;;;
COL0024499T55;COL002449955;;;;;;;;Irrestricta;;;;;
COL0024499T56;COL002449956;;;;;;;;Irrestricta;;;;;
COL0024499T57;COL002449957;;;;;;;;Irrestricta;;;;;
COL0024499T58;COL002449958;;;;;;;;Irrestricta;;;;;
COL0024499T59;COL002449959;;;;;;;;Restricta;;;;;
COL0024499T60;COL002449960;;;;;;;;Irrestricta;;;;;
COL0024499T61;COL002449961;;;;;;;;Irrestricta;;;;;
COL0024499T62;COL002449962;;;;;;;;Irrestricta;;;;;
COL0024499T63;COL002449963;;;;;;;;Irrestricta;;;;;
COL0024499T64;COL002449964;;;;;;;;Irrestricta;;;;;
COL0024499T65;COL002449965;;;;;;;;Restricta;;;;;
COL0024499T66;COL002449966;;;;;;;;Irrestricta;;;;;
COL0024499T67;COL002449967;;;;;;;;Irrestricta;;;;;
COL0024499T68;COL002449968;;;;;;;;Irrestricta;;;;;
COL0024499T69;COL002449969;;;;;;;;Irrestricta;;;;;
COL0007758T448;COL0007758448;;;;;;;;Restringido;;;0049;;
COL0007758T449;COL0007758449;;;;;;;;Restringido;;;4000004254;;
COL0007758T450;COL0007758450;;;;;;;;Restringido;;;4000003918;;
COL0007758T451;COL0007758451;;;;;;;;Restringido;;;;;
COL0007758T452;COL0007758452;;;;;;;;Restricta;;;;;
COL0007758T453;COL0007758453;;;;;;;;Restricta;;;;;
COL0007758T454;COL0007758454;;;;;;;;Restricta;;;;;
COL0007758T455;COL0007758455;;;;;;;;Restricta;;;;;
COL0007758T456;COL0007758456;;;;;;;;Restringido;;;;;
COL0007758T457;COL0007758457;;-;;;;;;Restringido;;;;;
COL0007758T458;COL0007758458;;TRAFIFIC SENSOR,;;;;;;Restringido;;;;;
COL0007758T459;COL0007758459;;TRACI4MATLAB,;Modelamiento y control de tráfico urbano en la ciudad de Medellín;;;;;Restringido;;;;;
COL0007758T460;COL0007758460;;Traffic Sendor,;;;;;;Restringido;;;;;
COL0007758T461;COL0007758461;;-;Reconciliación de estados distribuida en sistemas de potencial;;;;;Restringido;;;;;
COL0007758T462;COL0007758462;;TraCI4Matlab,;;;;;;No restringido;;;;;
COL0007758T463;COL0007758463;;-;;;;;;Restringido;;;;;
COL0007758T464;COL0007758464;;-;;;;;;Restringido;;;;;
COL0007758T465;COL0007758465;;-;;;;;;Restringido;;;;;
COL0007758T466;COL0007758466;;Toolbox para Caracterización de Actividad Cerebral TCAC,;;;;;;Restringido;;;;;
COL0007758T467;COL0007758467;;-;METODOLOGÍA INTEGRAL PARA MANTENIMIENTO BASADO EN CONDICIÓN Y DIAGNÓSTICO DE FALLAS EN CENTRALES DE GENERACIÓN HIDRÁULICA;;;;;Restringido;;;;;
COL0007758T468;COL0007758468;;-;;;;;;Restringido;;;;;
COL0007758T469;COL0007758469;;-;;;;;;Restringido;;;;;
COL0007758T470;COL0007758470;;-;;;;;;;;;;;
COL0007758T471;COL0007758471;;-;;;;;;Restringido;;;;;
COL0007758T472;COL0007758472;;INCA,;NA;;;;;Restringido;;;;;
COL0007758T473;COL0007758473;;-;;;;;;Irrestricta;;;;;
COL0007758T474;COL0007758474;;-;;;;;;Irrestricta;;;;;
COL0007758T475;COL0007758475;;-;;;;;;Restringido;;;;;
COL0032151T58;COL003215158;;;;;;;;No restringido;;;Convenio Interadministrativo Específico de Cooperación No. 1821-2011;;
COL0032151T59;COL003215159;;;;;;;;Restringido;;;Contrato de prestación de servicios N 82 de 2005;;
COL0032151T60;COL003215160;;;;;;;;Restringido;;;Convenio interadministrativo No. 11 de 2005;;
COL0032151T61;COL003215161;;;;;;;;Restringido;;;;;
COL0032151T62;COL003215162;;;;;;;;Restringido;;;;;
COL0032151T63;COL003215163;;;;;;;;Restringido;;;;;
COL0032151T64;COL003215164;;;;;;;;Restringido;;;;;
COL0032151T65;COL003215165;;;;;;;;Restringido;;;;;
COL0032151T66;COL003215166;;;;;;;;Restringido;;;;;
COL0032151T67;COL003215167;;;;;;;;Restringido;;;;;
COL0032151T68;COL003215168;;;;;;;;No restringido;;;;;
COL0022431T40;COL002243140;;;;;;;;;;;;;
COL0022431T41;COL002243141;;;;;;;;Restringido;;;;;
COL0022431T42;COL002243142;;;;;;;;Irrestricta;;;;;
COL0022431T43;COL002243143;;;;;;;;;;;;;
COL0022431T44;COL002243144;;;;;;;;;;;;;
COL0022431T45;COL002243145;;;;;;;;;;;;;
COL0022431T46;COL002243146;;;;;;;;;;;;;
COL0022431T47;COL002243147;;;;;;;;;;;;;
COL0022431T48;COL002243148;;;;;;;;;;;;;
COL0022431T49;COL002243149;;;;;;;;;;;;;
COL0022431T50;COL002243150;;;;;;;;Restringido;;;;;
COL0022431T51;COL002243151;;;;;;;;;;;;;
COL0022431T52;COL002243152;;;;;;;;Restringido;;;;;
COL0022431T53;COL002243153;;;;;;;;Restringido;;;;;
COL0022431T54;COL002243154;;;;;;;;Restricta;;;;;
COL0022431T55;COL002243155;;;;;;;;Restricta;;;;;
COL0022431T56;COL002243156;;;;;;;;Restricta;;;;;
COL0022431T57;COL002243157;;;;;;;;Restricta;;;;;
COL0022431T58;COL002243158;;;;;;;;Irrestricta;;;;;
COL0022431T59;COL002243159;;;;;;;;Restricta;;;;;
COL0022431T60;COL002243160;;;;;;;;Restricta;;;;;
COL0022431T61;COL002243161;;;;;;;;Restricta;;;;;
COL0022431T62;COL002243162;;;;;;;;Restringido;;;;;
COL0022431T63;COL002243163;;;;;;;;Irrestricta;;;;;
COL0022431T64;COL002243164;;;;;;;;Restricta;;;;;
COL0022431T65;COL002243165;;;;;;;;Restricta;;;;;
COL0022431T66;COL002243166;;;;;;;;Restricta;;;;;
COL0022431T67;COL002243167;;SIMUNROBOT,;MINISTERIO DEL INTERIOR Y DE JUSTICIA, DIRECCION NACIONAL DE DERECHOS DE AUTOR;;;;;Restringido;;;;;
COL0022431T68;COL002243168;;-;;;;;;Restrita;;;;;
COL0022431T69;COL002243169;;-;;;;;;;;;;;
COL0022431T70;COL002243170;;-;;;;;;Restrita;;;;;
COL0022431T71;COL002243171;;-;;;;;;Restrita;;;;;
COL0022431T72;COL002243172;;-;;;;;;;;;;;
COL0039279T77;COL003927977;;;;;;;;Restringido;;;World Bank Project Contract PO7159535;;
COL0039279T78;COL003927978;;;;;;;;Restringido;;;;;
COL0039279T79;COL003927979;;;;;;;;Restringido;;;Convenio interadministrativo 045 de 2008;;
COL0039279T80;COL003927980;;;;;;;;Restringido;;;CONVENIO DE COOPERACIÓN CIENTÍFICA Y TECNOLÓGICA 004/2008 CELEBRADO ENTRE EL IDEAM Y LA UNIVERSIDAD NACIONAL DE COLOMBIA;;
COL0039279T81;COL003927981;;;;;;;;Restringido;;;CONVENIO DE COOPERACIÓN CIENTÍFICA Y TECNOLÓGICA 004/2008 CELEBRADO ENTRE EL IDEAM Y LA UNIVERSIDAD NACIONAL DE COLOMBIA;;
COL0039279T82;COL003927982;;;;;;;;Restringido;;;CONVENIO DE COOPERACIÓN CIENTÍFICA Y TECNOLÓGICA 004/2008 CELEBRADO ENTRE EL IDEAM Y LA UNIVERSIDAD NACIONAL DE COLOMBIA;;
COL0039279T83;COL003927983;;;;;;;;No restringido;;;;;
COL0039279T84;COL003927984;;;;;;;;Restringido;;;Convenio interadministrativo 045 de 2008;;
COL0039279T85;COL003927985;;;;;;;;Restringido;;;CONVENIO DE COOPERACIÓN CIENTÍFICA Y TECNOLÓGICA 004/2008 CELEBRADO ENTRE EL IDEAM Y LA UNIVERSIDAD NACIONAL DE COLOMBIA;;
COL0039279T86;COL003927986;;;;;;;;Restringido;;;CONVENIO DE COOPERACIÓN CIENTÍFICA Y TECNOLÓGICA 004/2008 CELEBRADO ENTRE EL IDEAM Y LA UNIVERSIDAD NACIONAL DE COLOMBIA;;
COL0039279T87;COL003927987;;;;;;;;Restringido;;;CONVENIO DE COOPERACIÓN CIENTÍFICA Y TECNOLÓGICA 004/2008 CELEBRADO ENTRE EL IDEAM Y LA UNIVERSIDAD NACIONAL DE COLOMBIA;;
COL0039279T88;COL003927988;;;;;;;;Restringido;;;CONVENIO DE COOPERACIÓN CIENTÍFICA Y TECNOLÓGICA 004/2008 CELEBRADO ENTRE EL IDEAM Y LA UNIVERSIDAD NACIONAL DE COLOMBIA;;
COL0039279T89;COL003927989;;;;;;;;Restringido;;;Convenio interadministrativo 068 de 2007;;
COL0039279T90;COL003927990;;;;;;;;Restringido;;;CONVENIO DE COOPERACIÓN CIENTÍFICA Y TECNOLÓGICA 004/2008 CELEBRADO ENTRE EL IDEAM Y LA UNIVERSIDAD NACIONAL DE COLOMBIA;;
COL0039279T91;COL003927991;;;;;;;;Restringido;;;CONVENIO DE COOPERACIÓN CIENTÍFICA Y TECNOLÓGICA 003/2007 CELEBRADO ENTRE EL IDEAM Y LA UNIVERSIDAD NACIONAL DE COLOMBIA;;
COL0039279T92;COL003927992;;;;;;;;Restringido;;;;;
COL0039279T93;COL003927993;;;;;;;;Irrestricta;;;;;
COL0044036T19;COL004403619;;;;;;;;Restringido;;;;;
COL0044036T20;COL004403620;;;;;;;;Restringido;;;;;
COL0044036T21;COL004403621;;;;;;;;Restringido;;;;;
COL0044036T22;COL004403622;;;;;;;;Restringido;;;;;
COL0044036T23;COL004403623;;;;;;;;Restringido;;;Contrato Inter Administrativo 081 de 2009 celebrado entre Universidad Nacional de Colombia y Ministerio de Comercio Industria y Turismo;;
COL0044036T24;COL004403624;;;;;;;;Restringido;;;;;
COL0044036T25;COL004403625;;;;;;;;Restringido;;;Contrato Inter Administrativo 081 de 2008 celebrado entre Universidad NAcional de Colombia y Ministerio de Comercio Industria y Turismo;;
COL0044036T26;COL004403626;;;;;;;;Restringido;;;;;
COL0044036T27;COL004403627;;;;;;;;Restringido;;;;;
COL0044036T28;COL004403628;;;;;;;;Restringido;;;Contrato de Consultoría 011 de mayo 28 de 2007;;
COL0046264T9;COL00462649;;;;;;;;Irrestricta;;;;;
COL0046264T10;COL004626410;;;;;;;;Irrestricta;;;;;
COL0046264T11;COL004626411;;;;;;;;Irrestricta;;;;;
COL0046264T12;COL004626412;;;;;;;;Irrestricta;;;;;
COL0046264T13;COL004626413;;;;;;;;;;;;;
COL0046264T14;COL004626414;;;;;;;;Irrestricta;;;;;
COL0046264T15;COL004626415;;;;;;;;;;;;;
COL0046264T16;COL004626416;;;;;;;;Restricta;;;;;
COL0046264T17;COL004626417;;;;;;;;Restringido;;;;;
COL0046264T18;COL004626418;;;;;;;;Restringido;;;;;
COL0050347T214;COL0050347214;;;;;;;;Restringido;;;AIMUN 002;;
COL0050347T215;COL0050347215;;;;;;;;Restricta;;;;;
COL0050347T216;COL0050347216;;;;;;;;Restricta;;;;;
COL0050347T217;COL0050347217;;;;;;;;Irrestricta;;;;;
COL0050347T218;COL0050347218;;;;;;;;Restricta;;;;;
COL0050347T219;COL0050347219;;-;;;;;;Restringido;;;;;
COL0050347T220;COL0050347220;;-;;;;;;Restringido;;;;;
COL0050347T221;COL0050347221;;Toberas convergentes-divergentes 1.0,;Tesis de Pregrado;;;;;No restringido;;;;;
COL0050347T222;COL0050347222;;Compresores de dos etapas,;Tesis de Pregrado;;;;;No restringido;;;;;
COL0050347T223;COL0050347223;;Simulacion Ciclo Otto,;Tesis de Pregrado;;;;;No restringido;;;;;
COL0050347T224;COL0050347224;;-;;;;;;Restricta;;;;;
COL0050347T225;COL0050347225;;DORH- Diseńo Óptimo de Resortes Helicoidales,;Tesis de Pregrado;;;;;No restringido;;;;;
COL0050347T226;COL0050347226;;-;;;;;;Restricta;;;;;
COL0050347T227;COL0050347227;;-;;;;;;Restricta;;;;;
COL0050347T228;COL0050347228;;-;;;;;;Restrita;;;;;
COL0050347T229;COL0050347229;;-;;;;;;Irrestricta;;;;;
COL0050347T230;COL0050347230;;-;;;;;;Restringido;;;;;
COL0050347T231;COL0050347231;;-;;;;;;Irrestricta;;;;;
COL0050347T232;COL0050347232;;-;;;;;;Restrita;;;;;
COL0050347T233;COL0050347233;;-;;;;;;Restrita;;;;;
COL0050347T234;COL0050347234;;-;;;;;;Restrita;;;;;
COL0050347T235;COL0050347235;;-;;;;;;Restrita;;;;;
COL0055568T41;COL005556841;;;;;;;;Restringido;;;GPCUB05001;;
COL0055568T42;COL005556842;;;;;;;;Restringido;;;ATN/OC-10796-CO;;
COL0055568T43;COL005556843;;;;;;;;Restringido;;;ATN/JF-10916-GY;;
COL0055568T44;COL005556844;;;;;;;;No restringido;;;CO-T1052;;
COL0055568T45;COL005556845;;;;;;;;Restringido;;;;;
COL0055568T46;COL005556846;;No aplica;;;;;;Restringido;;;;;
COL0055568T47;COL005556847;;N.A.;;;;;;No restringido;;;;;
COL0055568T48;COL005556848;;No aplica;;;;;;No restringido;;;;;
COL0055568T49;COL005556849;;;;;;;;Restringido;;;;;
COL0055568T50;COL005556850;;;;;;;;No restringido;;;;;
COL0055568T51;COL005556851;;-;;;;;;Irrestricta;;;;;
COL0055568T52;COL005556852;;-;;;;;;Restrita;;;;;
COL0055568T53;COL005556853;;-;;;;;;;;;;;
COL0069213T41;COL006921341;;-;;;;;;Restringido;;;;;
COL0069213T42;COL006921342;;-;Plataforma Inteligente de Aprendizaje Virtual: Caso Concreto Curso de Programación de Computadores;;;;;No restringido;;;;;
COL0069213T43;COL006921343;;-;;;;;;Restringido;;;;;
COL0070896T88;COL007089688;;;;;;;;Restringido;;;;;
COL0070896T89;COL007089689;;Sistema de Gestión de Reclamaciones - EVALUACIÓN DE COMPETENCIAS Ascenso o Reubicación Salarial 2013,;Sistema de Gestión de Reclamaciones EVALUACIÓN DE COMPETENCIAS Ascenso o Reubicación Salarial 2012;;;;;Restringido;;;;;
COL0065967T25;COL006596725;;;;;;;;Restringido;;;474 de 2016;;
COL0065967T26;COL006596726;;;;;;;;Restringido;;;Contrato Interadministrativo 271-SUBAFIN-2016;;
COL0065967T27;COL006596727;;;;;;;;Restringido;;;Contrato interadministrativo No 2015 02 0884;;
COL0065967T28;COL006596728;;;;;;;;Restringido;;;Contrato interadministrativo No 2015 02 0884;;
COL0065967T29;COL006596729;;;;;;;;Restringido;;;069 DEL 22 DE ENERO DE 2014;;
COL0065967T30;COL006596730;;;;;;;;Restringido;;;Contrato 155 ARC-DIABA 2015;;
COL0065967T31;COL006596731;;;;;;;;Restringido;;;Contrato Interadministrativo N054 de 2012;;
COL0065967T32;COL006596732;;;;;;;;Restringido;;;CONTRATO INTERADMINISTRATIVO No. 148 ARC DIABA-2012;;
COL0065967T33;COL006596733;;;;;;;;Restringido;;;Resolución de la Presidencia Ejecutiva de CAF N 6;;
COL0065967T34;COL006596734;;;;;;;;Restringido;;;Convenio Número 1689 de 2009;;
COL0065967T35;COL006596735;;Placa de presión;;;;;;Restringido;;;;;
COL0065967T36;COL006596736;;;;;;;;Restringido;;;;;
COL0065967T37;COL006596737;;;;;;;;Restringido;;;;;
COL0065967T38;COL006596738;;;;;;;;Restringido;;;;;
COL0065967T39;COL006596739;;;;;;;;Restringido;;;;;
COL0083749T75;COL008374975;;;;;;;;No restringido;;;066;;
COL0083749T76;COL008374976;;;;;;;;Restringido;;;;;
COL0083749T77;COL008374977;;;;;;;;Restringido;;;;;
COL0075032T20;COL007503220;;Columna con intercambiadores secuenciales SHE y pared divisoria;;;;;;Restringido;;;;;
COL0059852T51;COL005985251;;SeeIT 3D,;;;;;;Restringido;;;;;
COL0059852T52;COL005985252;;-;;;;;;No restringido;;;;;
COL0105104T36;COL010510436;;Theoretical roughness profile in cylindrical turning,;;;;;;Restringido;;;;;
COL0105104T37;COL010510437;;Calculator for Frequent Milling Operations,;;;;;;Restringido;;;;;
COL0148863T8;COL01488638;;;;;;;;No restringido;;;1741 de 2015;;
COL0148863T9;COL01488639;;RunaShimi UN,;;;;;;Restringido;;;;;
COL0002439T155;COL0002439155;;;;;;;;Irrestricta;;;;;
COL0002439T156;COL0002439156;;Cogen_Zenu,;;;;;;Restringido;;;;;
COL0002439T157;COL0002439157;;Cogen_Noel,;;;;;;Restringido;;;;;
COL0002439T158;COL0002439158;;-;;;;;;Irrestricta;;;;;
COL0002439T159;COL0002439159;;-;;;;;;Irrestricta;;;;;
COL0002439T160;COL0002439160;;-;;;;;;Irrestricta;;;;;
COL0002439T161;COL0002439161;;-;;;;;;Irrestricta;;;;;
COL0022807T3;COL00228073;;;;;;;;Restricta;;;;;
COL0022807T4;COL00228074;;;;;;;;;;;;;
COL0022807T5;COL00228075;;;;;;;;;;;;;
COL0022807T6;COL00228076;;;;;;;;;Establecer procedimientos y criterios para el diseńo de sistemas de protección de edificaciones contra rayos.;;;;
COL0022807T7;COL00228077;;;;;;;;;Normalizar los procedimientos y parámetros del alumbrado publico en colombia;;;;
COL0022807T8;COL00228078;;;;;;;;;;;;;
COL0014458T183;COL0014458183;;;;;;;;Restringido;;;;;
COL0014458T184;COL0014458184;;;;;;;;Restringido;;;;;
COL0014458T185;COL0014458185;;;;;;;;Restringido;;;;;
COL0014458T186;COL0014458186;;;;;;;;Restringido;;;;;
COL0014458T187;COL0014458187;;;;;;;;Restringido;;;;;
COL0014458T188;COL0014458188;;;;;;;;Restringido;;;;;
COL0014458T189;COL0014458189;;;;;;;;Restringido;;;;;
COL0014458T190;COL0014458190;;;;;;;;Restringido;;;;;
COL0014458T191;COL0014458191;;;;;;;;Restringido;;;;;
COL0014458T192;COL0014458192;;;;;;;;Restringido;;;;;
COL0014458T193;COL0014458193;;;;;;;;Restringido;;;;;
COL0014458T194;COL0014458194;;;;;;;;Restringido;;;;;
COL0014458T195;COL0014458195;;;;;;;;Restringido;;;;;
COL0014458T196;COL0014458196;;;;;;;;Restringido;;;;;
COL0014458T197;COL0014458197;;;;;;;;Restringido;;;;;
COL0014458T198;COL0014458198;;;;;;;;Restringido;;;;;
COL0014458T199;COL0014458199;;;;;;;;Restricta;;;;;
COL0014458T200;COL0014458200;;;;;;;;Restricta;;;;;
COL0014458T201;COL0014458201;;;;;;;;Restricta;;;;;
COL0014458T202;COL0014458202;;;;;;;;Restricta;;;;;
COL0014458T203;COL0014458203;;;;;;;;;;;;;
COL0014458T204;COL0014458204;;;;;;;;Irrestricta;;;;;
COL0014458T205;COL0014458205;;;;;;;;Restricta;;;;;
COL0014458T206;COL0014458206;;;;;;;;Restricta;;;;;
COL0014458T207;COL0014458207;;;;;;;;Restricta;;;;;
COL0014458T208;COL0014458208;;;;;;;;Restricta;;;;;
COL0014458T209;COL0014458209;;;;;;;;Restricta;;;;;
COL0014458T210;COL0014458210;;;;;;;;Restricta;;;;;
COL0014458T211;COL0014458211;;;;;;;;Restricta;;;;;
COL0014458T212;COL0014458212;;;;;;;;Restricta;;;;;
COL0014458T213;COL0014458213;;;;;;;;;;;;;
COL0014458T214;COL0014458214;;;;;;;;Restricta;;;;;
COL0014458T215;COL0014458215;;;;;;;;Restricta;;;;;
COL0014458T216;COL0014458216;;;;;;;;Restricta;;;;;
COL0014458T217;COL0014458217;;;;;;;;Restricta;;;;;
COL0014458T218;COL0014458218;;;;;;;;Restricta;;;;;
COL0014458T219;COL0014458219;;;;;;;;Restricta;;;;;
COL0014458T220;COL0014458220;;;;;;;;Restricta;;;;;
COL0014458T221;COL0014458221;;;;;;;;;;;;;
COL0014458T222;COL0014458222;;;;;;;;Restricta;;;;;
COL0014458T223;COL0014458223;;;;;;;;Restricta;;;;;
COL0014458T224;COL0014458224;;;;;;;;Restricta;;;;;
COL0014458T225;COL0014458225;;;;;;;;Restricta;;;;;
COL0014458T226;COL0014458226;;;;;;;;;;;;;
COL0014458T227;COL0014458227;;;;;;;;;;;;;
COL0014458T228;COL0014458228;;;;;;;;;;;;;
COL0014458T229;COL0014458229;;;;;;;;Restricta;;;;;
COL0014458T230;COL0014458230;;;;;;;;Restricta;;;;;
COL0014458T231;COL0014458231;;;;;;;;Restricta;;;;;
COL0014458T232;COL0014458232;;;;;;;;Restricta;;;;;
COL0014458T233;COL0014458233;;;;;;;;Restricta;;;;;
COL0014458T234;COL0014458234;;;;;;;;Restricta;;;;;
COL0014458T235;COL0014458235;;;;;;;;Restricta;;;;;
COL0014458T236;COL0014458236;;;;;;;;Restricta;;;;;
COL0014458T237;COL0014458237;;;;;;;;Restricta;;;;;
COL0014458T238;COL0014458238;;;;;;;;Restricta;;;;;
COL0014458T239;COL0014458239;;;;;;;;Restricta;;;;;
COL0014458T240;COL0014458240;;;;;;;;Restricta;;;;;
COL0014458T241;COL0014458241;;;;;;;;Restricta;;;;;
COL0014458T242;COL0014458242;;;;;;;;Restricta;;;;;
COL0014458T243;COL0014458243;;;;;;;;Restricta;;;;;
COL0014458T244;COL0014458244;;;;;;;;Restricta;;;;;
COL0014458T245;COL0014458245;;;;;;;;;;;;;
COL0014458T246;COL0014458246;;;;;;;;Restricta;;;;;
COL0014458T247;COL0014458247;;;;;;;;Restricta;;;;;
COL0014458T248;COL0014458248;;;;;;;;Restricta;;;;;
COL0014458T249;COL0014458249;;;;;;;;Restricta;;;;;
COL0014458T250;COL0014458250;;;;;;;;Restricta;;;;;
COL0014458T251;COL0014458251;;;;;;;;Restricta;;;;;
COL0014458T252;COL0014458252;;;;;;;;Restricta;;;;;
COL0014458T253;COL0014458253;;;;;;;;Restricta;;;;;
COL0014458T254;COL0014458254;;;;;;;;Restricta;;;;;
COL0014458T255;COL0014458255;;;;;;;;No restringido;;;;;
COL0014458T256;COL0014458256;;;;;;;;;ESTA PARTE DE LA NORMA IEC 61000 APLICA A LA INSTRUMENTACIÓN DESTINADA A LA MEDIDA DE LAS COMPONENTES ESPECTRALES EN EL MARGEN DE FRECUENCIAS HASTA 9 HZ QUE SE SUPERPONEN A LA COMPONENTE FUNDAMENTAL DE LAS REDES DE SUMINISTRO DE 50 HZ Y DE 60 HZ.NTC-IEC61000-4-7.;2013-12-11;;;
COL0014458T257;COL0014458257;;;;;;;;;TRATA LAS ESPECIFICACIONES FUNCIONALES Y DE DISEO PARA LOS APARATOS DE MEDICIÓN DE PARPADEO DESTINADOS A INDICAR EL NIVEL CORRECTO DE PERCEPCIÓN DE FLUCTUACIÓN LUMINOSA PARA TODAS LAS FORAMS DE ONDA DE FLUCTUACIONES DE TENSIÓN QUE SE ENCUENTRAN EN LA PRÁCTICA.;2013-09-18;;;
COL0014458T258;COL0014458258;;;;;;;;;ESTA NORMA ESTABLECE LOS VALORES QUE CARACTERIZAN LA TENSION DE ALIMENTACION SUMINISTRADA EN CUANTO A AMPLITUD Y FRECUENCIA.;2013-02-20;;;
COL0014458T259;COL0014458259;;;;;;;;;DEFINE LOS MÉTODOS DE MEDIDA DE LOS PARÁMETROS DE CALIDAD DE POTENCIA DE LAS REDES DE CORRIENTE ALTERNA DE 50/60 HZ Y EL MODO DE INTERPRETAR LOS RESULTADOS.;2012-12-12;;;
COL0014458T260;COL0014458260;;;;;;;;;CALIDAD DE LA POTENCIA ELECTRICA -CPE-. DEFINICIONES Y TERMINOS FUNDAMENTALES.;2010-10-20;;;
COL0014458T261;COL0014458261;;;;;;;;;El alcance de la presente norma es establecer un procedimiento para la evaluación de riesgo debido a rayos.;;;;
COL0014458T262;COL0014458262;;;;;;;;;;;;;
COL0014458T263;COL0014458263;;;;;;;;;Protección contra descargas atmosféricas en Estructuras;;;;
COL0014458T264;COL0014458264;;;;;;;;;Protección contra Rayos;2008-08-05;;;
COL0014458T265;COL0014458265;;;;;;;;;ESTABLECE LAS METODOLOGIAS DE EVALUACION Y LOS VALORES DE REFERENCIA DE LOS PARAMETROS ASOCIADOS A LA CALIDAD DE LA POTENCIA ELECTRICA EN EL PUNTO DE CONEXION COMUN ENTRE EL OPERADOR DE RED Y EL USUARIO PARA TODOS LOS NIVELES DE TENSION, BAJO CONDICIONES NORMALES.;2008-05-28;;;
COL0014458T266;COL0014458266;;;;;;;;;;2008-04-20;;;
COL0014458T267;COL0014458267;;;;;;;;;;2007-12-01;;;
COL0014458T268;COL0014458268;;;;;;;;;Protección contra Rayos;1899-12-30;;;
COL0014458T269;COL0014458269;;;;;;;;;Protección contra Rayos;;;;
COL0014458T270;COL0014458270;;;;;;;;;Establecer criterios y parámetros del diseńo de los sistemas de protección integral contra rayos;;;;
COL0014458T271;COL0014458271;;;;;;;;;Establecer criterios y parámetros del diseńo de los sistemas de protección integral contra rayos;1899-12-30;;;
COL0014458T272;COL0014458272;;;;;;;;;This IEEE Guide discusses measures for improving the lightning protection performance of schemes applied to overhead power distribution lines.;2002-08-06;;;
COL0014458T273;COL0014458273;;;;;;;;;;;;;
COL0014458T274;COL0014458274;;;;;;;;;Generalidad de la compatibilidadad electromagnética, definiciones, conceptos etc.;1899-12-30;;;
COL0014458T275;COL0014458275;;;;;;;;;Dar un conjunto de definiciones técnicas en el tema de la calidad de energía eléctrica.;1899-12-30;;;
COL0014458T276;COL0014458276;;;;;;;;;Norma Técnica Colombiana;1899-12-30;;;
COL0014458T277;COL0014458277;;;;;;;;;Definiciones de la Calidad de la Energía Eléctrica;1899-12-30;;;
COL0014458T278;COL0014458278;;;;;;;;;Generalidad de la compatibilidadad electromagnética, definiciones, conceptos etc.;1899-12-30;;;
COL0014458T279;COL0014458279;;;;;;;;;Dar un conjunto de definiciones técnicas en el tema de la calidad de energía eléctrica.;;;;
COL0014458T280;COL0014458280;;;;;;;;;Definiciones de la Calidad de la Energía Eléctrica;1899-12-30;;;
COL0014458T281;COL0014458281;;;;;;;;;;;;;
COL0014458T282;COL0014458282;;;;;;;;;Guía para la protección contyra personas y edificaciones contra las descargas eléctricas atmosféricas;1899-12-30;;;
COL0014458T283;COL0014458283;;;;;;;;;Generalidades de Compatibilidad Electromagnética;1899-12-30;;;
COL0014458T284;COL0014458284;;;;;;;;;Lineamientos claros en el tema de la Compatibilidad Electromagnética. Generalidades.;1899-12-30;;;
COL0014458T285;COL0014458285;;;;;;;;;Guía realizada para Britush Petroleum Exploration Company como referencia de la misma para los procedimientos a seguir en instalaciones petroleras con el fin de protegerse contra impactos de rayos;1899-12-30;;;
COL0014458T286;COL0014458286;;;;;;;;;Guía para la protección de seres vivos y edificaciones contra rayos;1899-12-30;;;
COL0014458T287;COL0014458287;;;;;;;;;Generalidades de Compatibilidad Electromagnética;;;;
COL0014458T288;COL0014458288;;;;;;;;;Definiciones de Calidad de Energía Eléctrica;;;;
COL0014458T289;COL0014458289;;;;;;;;;Generalidad de la compatibilidadad electromagnética, definiciones, conceptos etc.;;;;
COL0014458T290;COL0014458290;;;;;;;;;Definiciones de la Calidad de la Energía Eléctrica;;;;
COL0014458T291;COL0014458291;;;;;;;;;Guía para la protección contyra personas y edificaciones contra las descargas eléctricas atmosféricas;;;;
COL0014458T292;COL0014458292;;;;;;;;;Definiciones de Calidad de Energía Eléctrica;1899-12-30;;;
COL0014458T293;COL0014458293;;;;;;;;;Guía de protección contra rayos para estaciones petroleras;1899-12-30;;;
COL0014458T294;COL0014458294;;;;;;;;;Guía de protección contra rayos para estaciones petroleras;1899-12-30;;;
COL0014458T295;COL0014458295;;;;;;;;;Seguridad del personal de BP-COLOMBIA en Situaciones de Tormenta Eléctrica;1899-12-30;;;
COL0014458T296;COL0014458296;;;;;;;;;;1899-12-30;;;
COL0014458T297;COL0014458297;;;;;;;;;Dar un conjunto de recomendaciones técnicas en las instalaciones de BP que estén de acuerdo con el Sistema Integral de Protección contra Rayos.;1899-12-30;;;
COL0014458T298;COL0014458298;;;;;;;;;Guía de protección contra rayos para estaciones petroleras;1899-12-30;;;
COL0014458T299;COL0014458299;;;;;;;;;Guía de protección contra rayos para estaciones petroleras;;;;
COL0014458T300;COL0014458300;;;;;;;;;Norma Técnica Colombiana;;;;
COL0014458T301;COL0014458301;;;;;;;;;;;;;
COL0014458T302;COL0014458302;;;;;;;;Restricta;;;;;
COL0014458T303;COL0014458303;;;;;;;;Restringido;;;;;
COL0014458T304;COL0014458304;;;;;;;;Irrestricta;;;;;
COL0014458T305;COL0014458305;;;;;;;;Irrestricta;;;;;
COL0014458T306;COL0014458306;;;;;;;;;;;;;
COL0014458T307;COL0014458307;;;;;;;;Irrestricta;;;;;
COL0014458T308;COL0014458308;;;;;;;;;;;;;
COL0014458T309;COL0014458309;;;;;;;;;;;;;
COL0014458T310;COL0014458310;;;;;;;;Irrestricta;;;;;
COL0014458T311;COL0014458311;;YALUK-DRAW,;Superintendencia de industria y Comercio;;;;;Restringido;;;;;
COL0014458T312;COL0014458312;;UN-FGFD,;;;;;;No restringido;;;;;
COL0014458T313;COL0014458313;;-;;;;;;Restringido;;;;;
COL0014458T314;COL0014458314;;-;;;;;;Restringido;;;;;
COL0014458T315;COL0014458315;;-;;;;;;Restringido;;;;;
COL0014458T316;COL0014458316;;-;;;;;;Restringido;;;;;
COL0014458T317;COL0014458317;;-;;;;;;Irrestricta;;;;;
COL0014458T318;COL0014458318;;-;;;;;;Restringido;;;;;
COL0014458T319;COL0014458319;;-;;;;;;Restrita;;;;;
COL0014458T320;COL0014458320;;-;;;;;;Irrestricta;;;;;
COL0014458T321;COL0014458321;;-;;;;;;Irrestricta;;;;;
COL0014458T322;COL0014458322;;-;;;;;;Irrestricta;;;;;
COL0014458T323;COL0014458323;;-;;;;;;Restringido;;;;;
COL0014458T324;COL0014458324;;-;;;;;;Restricta;;;;;
COL0014458T325;COL0014458325;;-;;;;;;Irrestricta;;;;;
COL0014458T326;COL0014458326;;-;;;;;;Irrestricta;;;;;
COL0014458T327;COL0014458327;;-;;;;;;Irrestricta;;;;;
COL0014458T328;COL0014458328;;-;;;;;;Irrestricta;;;;;
COL0014458T329;COL0014458329;;-;;;;;;Restricta;;;;;
COL0014458T330;COL0014458330;;-;;;;;;Restricta;;;;;
COL0014458T331;COL0014458331;;-;;;;;;Restricta;;;;;
COL0014458T332;COL0014458332;;-;;;;;;Restricta;;;;;
COL0014458T333;COL0014458333;;YALUK,;;;;;;Restringido;;;;;
COL0014458T334;COL0014458334;;-;;;;;;Restringido;;;;;
COL0014458T335;COL0014458335;;YALUK,;;;;;;Restringido;;;;;
COL0014458T336;COL0014458336;;;;;900435635-9;2011-05-11;Tiene productos en el mercado;;;;;;
COL0011385T164;COL0011385164;;;;;;;;Irrestricta;;;;;
COL0011385T165;COL0011385165;;;;;;;;Restricta;;;;;
COL0011385T166;COL0011385166;;;;;;;;Restringido;;;;;
COL0011385T167;COL0011385167;;;;;;;;;;;;;
COL0011385T168;COL0011385168;;;;;;;;;;;;;
COL0011385T169;COL0011385169;;;;;;;;;;;;;
COL0011385T170;COL0011385170;;;;;;;;Restringido;;;;;
COL0011385T171;COL0011385171;;;;;;;;Restringido;;;;;
COL0011385T172;COL0011385172;;;;;;;;Irrestricta;;;;;
COL0011385T173;COL0011385173;;;;;;;;Restricta;;;;;
COL0011385T174;COL0011385174;;;;;;;;Restricta;;;;;
COL0011385T175;COL0011385175;;;;;;;;Restricta;;;;;
COL0011385T176;COL0011385176;;;;;;;;;;;;;
COL0011385T177;COL0011385177;;;;;;;;Restricta;;;;;
COL0011385T178;COL0011385178;;;;;;;;Restricta;;;;;
COL0011385T179;COL0011385179;;;;;;;;Restricta;;;;;
COL0011385T180;COL0011385180;;-;;;;;;Restricta;;;;;
COL0011385T181;COL0011385181;;-;;;;;;Restricta;;;;;
COL0011385T182;COL0011385182;;-;;;;;;Irrestricta;;;;;
COL0061046T97;COL006104697;;;;;;;;Restricta;;;;;
COL0061046T98;COL006104698;;;;;;;;Restricta;;;;;
COL0061046T99;COL006104699;;;;;;;;Restricta;;;;;
COL0061046T100;COL0061046100;;;;;;;;Restricta;;;;;
COL0061046T101;COL0061046101;;;;;;;;Irrestricta;;;;;
COL0061046T102;COL0061046102;;;;;;;;Irrestricta;;;;;
COL0061046T103;COL0061046103;;;;;;;;Irrestricta;;;;;
COL0061046T104;COL0061046104;;;;;;;;Irrestricta;;;;;
COL0061046T105;COL0061046105;;;;;;;;Irrestricta;;;;;
COL0061046T106;COL0061046106;;;;;;;;Irrestricta;;;;;
COL0061046T107;COL0061046107;;;;;;;;;;;;;
COL0061046T108;COL0061046108;;;;;;;;Irrestricta;;;;;
COL0061046T109;COL0061046109;;;;;;;;Irrestricta;;;;;
COL0061046T110;COL0061046110;;;;;;;;Irrestricta;;;;;
COL0061046T111;COL0061046111;;;;Corto;;;;;;;;;
COL0061046T112;COL0061046112;;;;Corto;;;;;;;;;
COL0061046T113;COL0061046113;;;;Corto;;;;;;;;;
COL0061046T114;COL0061046114;;;;Corto;;;;;;;;;
COL0061046T115;COL0061046115;;;;Corto;;;;;;;;;
COL0061046T116;COL0061046116;;;;Corto;;;;;;;;;
COL0061046T117;COL0061046117;;;;Corto;;;;;;;;;
COL0061046T118;COL0061046118;;;;Corto;;;;;;;;;
COL0061046T119;COL0061046119;;;;Largo;;;;;;;;;
COL0061046T120;COL0061046120;;;;Largo;;;;;;;;;
COL0061046T121;COL0061046121;;;;Largo;;;;;;;;;
COL0061046T122;COL0061046122;;;;Largo;;;;;;;;;
COL0061046T123;COL0061046123;;;;Largo;;;;;;;;;
COL0061046T124;COL0061046124;;;;Largo;;;;;;;;;
COL0061046T125;COL0061046125;;;;Largo;;;;;;;;;
COL0061046T126;COL0061046126;;;;Largo;;;;;;;;;
COL0061046T127;COL0061046127;;;;Largo;;;;;;;;;
COL0061046T128;COL0061046128;;;;Largo;;;;;;;;;
COL0061046T129;COL0061046129;;;;Largo;;;;;;;;;
COL0011779T29;COL001177929;;;;;;;;Restringido;;;TR1404-570-2016;;
COL0011779T30;COL001177930;;;;;;;;Restringido;;;6200004039 de 2015;;
COL0011779T31;COL001177931;;;;;;;;Restringido;;;103 de 2014;;
COL0011779T32;COL001177932;;;;;;;;Restringido;;;Convenio Interadministrativo 105 de 2013;;
COL0011779T33;COL001177933;;;;;;;;Restringido;;;Convenio Específico Interadministrativo 100/2012: Instituto Nacional Penitenciario de Colombia INPEC y Universidad Nacional de Colombia;;
COL0011779T34;COL001177934;;;;;;;;Restringido;;;Convenio Específico Interadministrativo 008, Ingeominas-Universidad Nacional de Colombia;;
COL0011779T35;COL001177935;;;;;;;;Restringido;;;;;
COL0011779T36;COL001177936;;;;;;;;Restringido;;;;;
COL0011779T37;COL001177937;;;;;;;;Irrestricta;;;;;
COL0026459T60;COL002645960;;;;;;;;No restringido;;;;;
COL0026459T61;COL002645961;;;;;;;;No restringido;;;;;
COL0026459T62;COL002645962;;;;;;;;No restringido;;;;;
COL0009476T214;COL0009476214;;;;;;;;Restringido;;;AIMUN 002;;
COL0009476T215;COL0009476215;;;;;;;;Restricta;;;;;
COL0009476T216;COL0009476216;;;;;;;;Restricta;;;;;
COL0009476T217;COL0009476217;;;;;;;;Irrestricta;;;;;
COL0009476T218;COL0009476218;;;;;;;;Restricta;;;;;
COL0009476T219;COL0009476219;;-;;;;;;Restringido;;;;;
COL0009476T220;COL0009476220;;-;;;;;;Restringido;;;;;
COL0009476T221;COL0009476221;;Toberas convergentes-divergentes 1.0,;Tesis de Pregrado;;;;;No restringido;;;;;
COL0009476T222;COL0009476222;;Compresores de dos etapas,;Tesis de Pregrado;;;;;No restringido;;;;;
COL0009476T223;COL0009476223;;Simulacion Ciclo Otto,;Tesis de Pregrado;;;;;No restringido;;;;;
COL0009476T224;COL0009476224;;-;;;;;;Restricta;;;;;
COL0009476T225;COL0009476225;;DORH- Diseńo Óptimo de Resortes Helicoidales,;Tesis de Pregrado;;;;;No restringido;;;;;
COL0009476T226;COL0009476226;;-;;;;;;Restricta;;;;;
COL0009476T227;COL0009476227;;-;;;;;;Restricta;;;;;
COL0009476T228;COL0009476228;;-;;;;;;Restrita;;;;;
COL0009476T229;COL0009476229;;-;;;;;;Irrestricta;;;;;
COL0009476T230;COL0009476230;;-;;;;;;Restringido;;;;;
COL0009476T231;COL0009476231;;-;;;;;;Irrestricta;;;;;
COL0009476T232;COL0009476232;;-;;;;;;Restrita;;;;;
COL0009476T233;COL0009476233;;-;;;;;;Restrita;;;;;
COL0009476T234;COL0009476234;;-;;;;;;Restrita;;;;;
COL0009476T235;COL0009476235;;-;;;;;;Restrita;;;;;
COL0148175T97;COL014817597;;;;;;;;Restringido;;;217-2015;;
COL0148175T98;COL014817598;;;;;;;;Restringido;;;Convenio de cooperación académica y científica entre la Universidad de Narińo y la Institución Universitaria CESMAG en el marco de desarrollo del convenio 1737-13 INVESTIC;;
COL0148175T99;COL014817599;;;;;;;;Restringido;;;1737 - 13;;
COL0148175T100;COL0148175100;;;;;;;;Restringido;;;066-2014;;
COL0148175T101;COL0148175101;;;;;;;;No restringido;;;;;
COL0148175T102;COL0148175102;;Ambiente Virtual de Aprendizaje Electiva profesional I: Realidad Virtual,;;;;;;Restringido;;;;;
COL0148175T103;COL0148175103;;Software de facturación de acueducto para AcuaBuesaco,;;;;;;Restringido;;;;;
COL0148175T104;COL0148175104;;Apolo 21,;Institución Universitaria CESMAG;;;;;No restringido;;;;;
COL0148175T105;COL0148175105;;Ambiente Virtual de Aprendizaje para la creación y administración de AVA,;Institución Universitaria CESMAG;;;;;Restringido;;;;;
COL0009912T227;COL0009912227;;;;;;;;Restringido;;;0921213-003.00;;
COL0009912T228;COL0009912228;;;;;;;;Restringido;;;ATN/ME- 13626- CH;;
COL0009912T229;COL0009912229;;;;;;;;Restringido;;;;;
COL0058096T94;COL005809694;;-;;;;;;Restringido;;;;;
COL0058096T95;COL005809695;;Modelado de Sistemas con Inestabilidad de Turing 1D y 2D,;;;;;;Restringido;;;;;
COL0058096T96;COL005809696;;-;;;;;;Irrestricta;;;;;
COL0058096T97;COL005809697;;-;;;;;;Restrita;;;;;
COL0025148T15;COL002514815;;;;;;;;Restringido;;;292.2014;;
COL0025148T16;COL002514816;;;;;;;;Restringido;;;N 002 DE 2014;;
COL0025148T17;COL002514817;;;;;;;;Restringido;;;N 002 DE 2014;;
COL0025148T18;COL002514818;;;;;;;;Restringido;;;4800078531;;
COL0025148T19;COL002514819;;;;;;;;Restringido;;;209;;
COL0025148T20;COL002514820;;;;;;;;Restringido;;;053-DRSO-2013;;
COL0025148T21;COL002514821;;;;;;;;Restringido;;;0088-2013;;
COL0025148T22;COL002514822;;;;;;;;Restringido;;;0088-2013;;
COL0025148T23;COL002514823;;;;;;;;Restringido;;;2213100-080-2013;;
COL0025148T24;COL002514824;;;;;;;;Restringido;;;46925;;
COL0025148T25;COL002514825;;;;;;;;Restringido;;;4800052471;;
COL0025148T26;COL002514826;;;;;;;;Restringido;;;;;
COL0025148T27;COL002514827;;;;;;;;Restringido;;;;;
COL0025148T28;COL002514828;;;;;900577856-9;2012-12-17;Tiene productos en el mercado;;;;;;
COL0161489T7;COL01614897;;Hettmanns,;;;;;;Restringido;;;;;
COL0038066T44;COL003806644;;;;;;;;Restringido;;;Convenio SCDE 015 de 2010;;
COL0038066T45;COL003806645;;;;;;;;Restringido;;;Convenio SCDE 018 de 2009;;
COL0038066T46;COL003806646;;;;;;;;Restringido;;;Convenio SCDE 018 de 2009;;
COL0038066T47;COL003806647;;;;;;;;Restringido;;;Convenio SCDE 018 de 2009;;
COL0038066T48;COL003806648;;;;;;;;Restringido;;;Resolución 381 de marzo de 2009;;
COL0038066T49;COL003806649;;;;;;;;Restringido;;;Resolución 381 de marzo de 2009;;
COL0038066T50;COL003806650;;;;;;;;Restringido;;;Resolución 381 de marzo de 2009;;
COL0038066T51;COL003806651;;;;;;;;Restringido;;;Resolución 381 de marzo de 2009;;
COL0038066T52;COL003806652;;;;;;;;Restringido;;;Resolución 381 de marzo de 2009;;
COL0038066T53;COL003806653;;;;;;;;Restringido;;;Contrato No. 2009-01-05B;;
COL0038066T54;COL003806654;;;;;;;;Restringido;;;;;
COL0038066T55;COL003806655;;Secadores solares para café,;Centro Nacional de Investigaciones Café;;;;;No restringido;;;;;
COL0034595T33;COL003459533;Cuencas Hidrográficas;;;;;;;;;;;;
COL0034595T34;COL003459534;;;;;;;;No restringido;;;;;
COL0034595T35;COL003459535;;;;;;;;Irrestricta;;;;;
COL0147768T54;COL014776854;;;;;;;;Restringido;;;;;
COL0147768T55;COL014776855;;;;;;;;Restringido;;;Orden Interna OY323624002;;
COL0147768T56;COL014776856;;;;;;;;Restringido;;;670;;
COL0147768T57;COL014776857;;;;;;;;Restringido;;;4600055745;;
COL0147768T58;COL014776858;;;;;;;;Restringido;;;004;;
COL0147768T59;COL014776859;;;;;;;;Restringido;;;Orden Interna PC323624005;;
COL0147768T60;COL014776860;;;;;;;;Restringido;;;003;;
COL0147768T61;COL014776861;;;;;;;;Restringido;;;4600047595;;
COL0147768T62;COL014776862;;;;;;;;Restringido;;;Orden Interna OY323624002;;
COL0147768T63;COL014776863;;;;;;;;;;;Certificado No. 241666;;
COL0147768T64;COL014776864;;-;;;;;;Restringido;;;;;
COL0147768T65;COL014776865;;-;;;;;;Restringido;;;;;
