CODGP_PROD; Revista; Autor Original; Nombre Libro; ISBN/ISSN; Medio de Divulgación; URL; Fasciculos; Idioma Original; Idioma Traduccion; Edición; Serie; Página Inicial; Página Final    ; 
COL00380661;International Journal Of Imaging And Robotics;;;2231-525X;;;1;;;;;;;
COL00380662;Ingeniería E Investigación;;;0120-5609;;;2;;;;;6;13;
COL00380663;Revista Colombiana De Ciencias Hortícolas;;;2011-2173;;;1;;;;;113;124;
COL00380664;Agronomia Colombiana;;;0120-9965;;;3;;;;;336;345;
COL00380665;Agronomia Colombiana;;;0120-9965;;;2;;;;;282;288;
COL00380666;Floricultura Andina;;;1900-561X;;;2;;;;;6;17;
COL00380667;Plasticulture : Bulletin Du Comite International Des Plastiques En Agriculture.;;;0257-9022;;;124;;;;;58;71;
COL00380668;Acto Social;;;0328-5669;;;;;;;;;;
COL00380669;Agricultura De Las Americas;;;0120-6052;;;;;;;;28;37;
COL003806610;;;;2215-7564;;;;;;;;;;
COL003806611;;;;978-958-99826-0-0;;;;;;;;;;
COL003806612;;;;978-958-719-788-4;;;;;;;;;;
COL003806613;;;;978-958-99826-1-7;;;;;;;;;;
COL003806614;;;;978-958-719-788-4;;;;;;;;;;
COL003806615;;;;978-958-99826-2-4;;;;;;;;;;
COL003806616;;;;978-958-719-581-1;;;;;;;;;;
COL003806617;;;;978-958-719-585-9;;;;;;;;;;
COL003806618;;;;978-958-719-582-8;;;;;;;;;;
COL003806619;;;;978-958-719-583-5;;;;;;;;;;
COL003806620;;;;978-958-719-584-2;;;;;;;;;;
COL003806621;;;;978-958-725-060-2;;;;;;;;;;
COL003806622;;;;978-958-719-292-6;;;;;;;;;;
COL003806623;;;;978-958-719-216-2;;;;;;;;;;
COL003806624;;;;978-958-719-215-5;;;;;;;;;;
COL003806625;;;;978-958-719-292-6;;;;;;;;;;
COL003806626;;;Invernaderos: La Experiencia Iberoamericana. Proyecto XIX.2 - Estructuras de protección para zonas intertropicales.;0;;;;;;;;83;108;
COL003806627;;;Situación, Fundamentos y Técnicas de Agroplasticultura en Iberoamérica.;0;;;;;;;;;;
COL003806628;;;;;;;;;;;;;;
COL003806629;;;;;;;;;;;;;;
COL003806630;;;;;;;;;;;;;;
COL003806631;;Semillero de Investigación Amaranto;;;;;;;;;;;;
COL003806632;;Hernán Javier Barrero;;;;;;;;;;;;
COL003806633;;;;;;;;;;;;;;
COL003806634;Amaranto;;;2215-7654;;;;;;;;37;48;
COL003806635;Amaranto;;;2215-7654;;;2;;;;;1;37;
COL003806636;Amaranto;;;2215-7654;;;;;;;;3;37;
COL003806637;Amaranto;;;2215-7654;;;;;;;;8;37;
COL003806638;Amaranto;;;2215-7654;;;;;;;;3;15;
COL003806639;Catalogo de productos de la compańia Productos Químicos Andinos S.A.;;;1001-0003;;;;;;;;1;;
COL003806640;Asocia;;;1000-0001;;;;;;;;6;7;
COL003806641;EL TIEMPO . Separata U.N periódico;;;0;;;;;;;;;;
COL003806642;;;;978-958-719-661-0;;;;;;;;;;
COL003806643;;;;95870109;;;;;;;;;;
COL00000011;Aardkundige Mededelingen;;;0250-7803;;;;;;;;550;600;
COL00000012;Revista Virtual De La Facultad De Ingeniería Y Arquitectura Ingenierí Y Tecnologí;;;2215-8456;;;N/A;;;;;100;200;
COL00000013;;;;7897897897;;;;;;;;;;
COL00000014;;;;7897897892;;;;;;;;;;
COL00000015;;;Prueba;8745698556;;;;;;;;100;;
COL00000016;;;Prueba;8745698556;;;;;;;;200;210;
COL00000017;;;Test;458745678;;;;;;;;500;;
COL00000018;;;Test;458745678;;;;;;;;12;20;
COL00000019;;;;;;;;;;;;;;
COL000000110;;;;;;mfneirae.com;;;;;;;;
COL000000111;;;;;;;;;;;;;;
COL000000112;;Autor Test;;;;;;;;;;;;
COL000000113;prueba;;;4561-2456;;;2;;;;;45;65;
COL000000114;prueba;;;4561-2456;;;;;;;;654;654;
COL000000115;;;;9879879879;;;;;;;;;;
COL000000116;;;;7894561235;;;;;;;;;;
COL000000117;;test article;Test;458745678;Papel;;;Espańol;Bashkir;15;15;;;
COL000000118;;Autor de prueba;;;Papel;;;Afar;Espańol;;;;;
asd1;Journal Of Internet Banking And Commerce;;;1204-5357;;;2;;;;;1;23;
asd2;Revista Virtual Universidad Católica Del Norte;;;0124-5821;;;N/A;;;;;175;191;
asd3;Tendencias;;;0124-8693;;;;;;;;151;170;
asd4;Estudios Gerenciales;;;0123-5923;;;128;;;;;303;312;
asd5;Universidad  Empresa;;;0124-4639;;;24;;;;;141;163;
asd6;Apuntes Del Cenes;;;0120-3053;;;55;;;;;189;212;
asd7;Jistem -Journal Of Information Systems And Technology Management Online;;;1807-1775;;;2;;;;;323;338;
asd8;Criterio Libre;;;1900-0642;;;17;;;;;193;216;
asd9;Criterio Libre;;;1900-0642;;;18;;;;;229;248;
asd10;Universitas Humanistica;;;0120-4807;;;N/A;;;;;277;298;
asd11;Universidad  Empresa;;;0124-4639;;;N/A;;;;;N/A;;
asd12;Ingeniare : Revista Chilena De Ingeniería;;;0718-3305;;;3;;;;;433;446;
asd13;Revista Javeriana: El Pensamiento Cristiano En Diálogo Con El Mundo. Medio Ambiente Universal Y Desarrollo Sostenible.;;;0120-3088;;;148;;;;;40;49;
asd14;Administración  Desarrollo;;;0120-3754;;;55;;;;;77;92;
asd15;Uis Ingenierías;;;1657-4583;;;1;;;;;113;128;
asd16;Criterio Libre;;;1900-0642;;;16;;;;;159;192;
asd17;Revista Facultad De Ciencias Económicas: Investigación Y Reflexión;;;0121-6805;;;2;;;;;205;229;
asd18;Apuntes Del Cenes;;;0120-3053;;;N/A;;;;;227;260;
asd19;Innovar: Revista De Ciencias Administrativas Y Sociales;;;0121-5051;;;42;;;;;89;98;
asd20;Innovar: Revista De Ciencias Administrativas Y Sociales;;;0121-5051;;;41;;;;;77;90;
asd21;Innovar: Revista De Ciencias Administrativas Y Sociales;;;0121-5051;;;41;;;;;169;186;
asd22;Innovar: Revista De Ciencias Administrativas Y Sociales;;;0121-5051;;;42;;;;;89;98;
asd23;Criterio Libre;;;1900-0642;;;14;;;;;181;222;
asd24;Administración  Desarrollo;;;0120-3754;;;53;;;;;23;34;
asd25;Apuntes Del Cenes;;;0120-3053;;;52;;;;;183;202;
asd26;Uis Ingenierías;;;2145-8456;;;1;;;;;39;52;
asd27;Innovar: Revista De Ciencias Administrativas Y Sociales;;;0121-5051;;;N/A;;;;;77;90;
asd28;Formacion Universitaria;;;0718-5006;;;6;;;;;15;32;
asd29;Criterio Libre;;;1900-0642;;;11;;;;;49;80;
asd30;Innovar: Revista De Ciencias Administrativas Y Sociales;;;0121-5051;;;N/A;;;;;179;197;
asd31;Innovar: Revista De Ciencias Administrativas Y Sociales;;;0121-5051;;;N/A;;;;;25;41;
asd32;Revista De Ciencias Sociales;;;1315-9518;;;N/A;;;;;434;445;
asd33;Puzzle: Revista Hispana De La Inteligencia Competitiva;;;1696-8573;;;30;;;;;7;13;
asd34;Criterio Libre;;;1900-0642;;;2;;;;;49;80;
asd35;Innovar: Revista De Ciencias Administrativas Y Sociales;;;0121-5051;;;N/A;;;;;73;89;
asd36;U-I-Nvestiga;;;2027-2014;;;1;;;;;23;25;
asd37;Innovar: Revista De Ciencias Administrativas Y Sociales;;;0121-5051;;;32;;;;;127;131;
asd38;U-I-Nvestiga;;;2027-2014;;;1;;;;;19;22;
asd39;U-I-Nvestiga;;;2027-2014;;;1;;;;;30;31;
asd40;Innovar: Revista De Ciencias Administrativas Y Sociales;;;0121-5051;;;32;;;;;127;131;
asd41;U-I-Nvestiga;;;2027-2014;;;1;;;;;12;12;
asd42;Revista Internacional De Marketing Público Y No Lucrativo;;;1812-0970;;;2;;;;;141;166;
asd43;Estudios Gerenciales;;;0123-5923;;;108;;;;;107;128;
asd44;Innovar: Revista De Ciencias Administrativas Y Sociales;;;0121-5051;;;32;;;;;132;140;
asd45;Universidad  Empresa;;;0124-4639;;;N/A;;;;;35;46;
asd46;Estudios Gerenciales;;;0123-5923;;;106;;;;;13;30;
asd47;Innovar: Revista De Ciencias Administrativas Y Sociales;;;0121-5051;;;30;;;;;99;111;
asd48;Cuadernos De Economia;;;0121-4772;;;47;;;;;247;270;
asd49;Innovar: Revista De Ciencias Administrativas Y Sociales;;;0121-5051;;;30;;;;;77;98;
asd50;Innovar: Revista De Ciencias Administrativas Y Sociales;;;0121-5051;;;30;;;;;113;132;
asd51;U-I-Nvestiga;;;2027-2014;;;1;;;;;9;11;
asd52;Innovar: Revista De Ciencias Administrativas Y Sociales;;;0121-5051;;;29;;;;;137;154;
asd53;Universidad  Empresa;;;0124-4639;;;12;;;;;20;30;
asd54;Innovar: Revista De Ciencias Administrativas Y Sociales;;;0121-5051;;;29;;;;;107;114;
asd55;Innovar: Revista De Ciencias Administrativas Y Sociales;;;0121-5051;;;29;;;;;137;154;
asd56;Innovar: Revista De Ciencias Administrativas Y Sociales;;;0121-5051;;;29;;;;;184;194;
asd57;Aldea Mundo;;;1316-6727;;;23;;;;;35;50;
asd58;Estudios Gerenciales;;;0123-5923;;;102;;;;;83;100;
asd59;Innovar: Revista De Ciencias Administrativas Y Sociales;;;0121-5051;;;28;;;;;223;243;
asd60;Innovar: Revista De Ciencias Administrativas Y Sociales;;;0121-5051;;;28;;;;;103;120;
asd61;Universidad  Empresa;;;0124-4639;;;N/A;;;;;33;61;
asd62;Documentos Observatio Regional De Gestion Empresarial Mipyme;;;1900-9410;;;NA;;;;;20;30;
asd63;Avances En Sistemas E Informática;;;1657-7663;;;1;;;;;21;27;
asd64;Innovar: Revista De Ciencias Administrativas Y Sociales;;;0121-5051;;;27;;;;;117;126;
asd65;Innovar: Revista De Ciencias Administrativas Y Sociales;;;0121-5051;;;27;;;;;138;139;
asd66;Innovar: Revista De Ciencias Administrativas Y Sociales;;;0121-5051;;;26;;;;;73;89;
asd67;Innovar: Revista De Ciencias Administrativas Y Sociales;;;0121-5051;;;26;;;;;73;89;
asd68;Innovar: Revista De Ciencias Administrativas Y Sociales;;;0121-5051;;;25;;;;;64;80;
asd69;Su-Gestion. Revista Estudiantil De Ciencias Administrativas;;;1794-452X;;;N/A;;;;;59;69;
asd70;Cuadernos De Administración;;;0120-3592;;;28;;;;;129;153;
asd71;U-I-Nvestiga;;;2027-2014;;;1;;;;;5;8;
asd72;;;;;;;;;;;;;;
asd73;Revue Tiers Monde;;;0040-7356;;;;;;;;347;354;
asd74;;;;;;;12;;;;;185;188;
asd75;Innovar: Revista De Ciencias Administrativas Y Sociales;;;0121-5051;;;;;;;;185;188;
asd76;Fiscalización Economía Organizaciones y Control Fiscal de La Gestión;;;0;;;;;;;;;;
asd77;Revista de La Contraloría de Cundinamarca;;;0;;;;;;;;;;
asd78;;;;978-958-58886-0-9;;;;;;;;;;
asd79;;;;978-958-8721323;;;;;;;;;;
asd80;;;;978-958-761-661-3;;;;;;;;;;
asd81;;;;978-958-26-0153-9;;;;;;;;;;
asd82;;;;978-958-719-976-5;;;;;;;;;;
asd83;;;;978-958-719-976-5;;;;;;;;;;
asd84;;;;978-958-8290-45-4;;;;;;;;;;
asd85;;;;978-958-8290-42-3;;;;;;;;;;
asd86;;;;978-958-8290-44-7;;;;;;;;;;
asd87;;;;978-958-8290-29-4;;;;;;;;;;
asd88;;;;978-958-8290-27-0;;;;;;;;;;
asd89;;;;978-958-8290-28-7;;;;;;;;;;
asd90;;;;978-958-8290-24-9;;;;;;;;;;
asd91;;;;978-958-8290-25-6;;;;;;;;;;
asd92;;;;9789588290263;;;;;;;;;;
asd93;;;;9789587019131;;;;;;;;;;
asd94;;;;84-97886-62-3;;;;;;;;;;
asd95;;;;9789587611540;;;;;;;;;;
asd96;;;;978-958-8290-36-2;;;;;;;;;;
asd97;;;;978-958-8290-39-3;;;;;;;;;;
asd98;;;;978-958-8290-37-9;;;;;;;;;;
asd99;;;;978-958-8290-38-6;;;;;;;;;;
asd100;;;;95-87017-26-9;;;;;;;;;;
asd101;;;;9583354325;;;;;;;;;;
asd102;;;Le Financement Des Politiques Publiques;978-2-80274241-8;;;;;;;;458;485;
asd103;;;Colciencias Cuarenta Ańos. Entre La Legitimidad, La Normatividad Y La Práctica.;978-958-57775-7-6;;;;;;;;417;481;
asd104;;;Agendas De Conocimiento: Metodología Para Su Construcción Colectiva;978-958-761-661-3;;;;;;;;61;85;
asd105;;;Tendencias En Ingeniería De Software E Inteligencia Artificial, Volumen 4;978-958-44-8153-5;;;;;;;;NA;;
asd106;;;Responsabilidad Social Empresarial: Una Reflexión Desde La Gestión, Lo Social Y Ambiental;978-958-719-598-9;;;;;;;;127;160;
asd107;;;Redes Y Grupos De Investigación En La Sociedad Del Conocimiento. Una Panorámica Desde Las Ies Iberoamericanas;978-607-7929-42-0;;;;;;;;111;128;
asd108;;;Sinergia Entre Las Prospectiva Y La Vigilancia Tecnologica E Inteligencia Competitiva;978-958-8290-30-0;;;;;;;;19;47;
asd109;;;Estudios De Vigilancia Tecnológica Aplicados A Cadenas Productivas Del Sector Agropecuario Colombiano;978-958-97128-7-0;;;;;;;;13;28;
asd110;;;;;;;;;;;;;;
asd111;;;;;;;;;;;;;;
asd112;;;;;;;;;;;;;;
asd113;;;;;;;;;;;;;;
asd114;;;;;;;;;;;;;;
asd115;;;;;;;;;;;;;;
asd116;;;;;;;;;;;;;;
asd117;;;;;;;;;;;;;;
asd118;;;;;;;;;;;;;;
asd119;;;;;;;;;;;;;;
asd120;;;;;;;;;;;;;;
asd121;;;;;;;;;;;;;;
asd122;;;;;;;;;;;;;;
asd123;;;;;;http://www.fce.unal.edu.co/portalsap/index.php?option=com_contenttask=viewid=51Itemid=72;;;;;;;;
asd124;;;;;;;;;;;;;;
asd125;;;;;;;;;;;;;;
asd126;;;;;;;;;;;;;;
asd127;;;;;;;;;;;;;;
asd128;;;;;;;;;;;;;;
asd129;;;;;;;;;;;;;;
asd130;;;;;;www.fce.unal.edu.co;;;;;;;;
asd131;;;;;;www.fce.unal.edu.co;;;;;;;;
asd132;;;;;;www.fce.unal.edu.co;;;;;;;;
asd133;;;;;;ww.fce.unal.edu.co;;;;;;;;
asd134;;;;;;;;;;;;;;
asd135;;;;;;www.fce.unal.edu.co;;;;;;;;
asd136;;;;;;www.fce.unal.edu.co;;;;;;;;
asd137;;;;;;www.fce.unal.edu.co;;;;;;;;
asd138;;;;;;www.fce.unal.edu.co;;;;;;;;
asd139;;;;;;www.fce.unal.edu.co;;;;;;;;
asd140;;;;;;www.fce.unal.edu.co;;;;;;;;
asd141;;;;;;www.fce.unal.edu.co;;;;;;;;
asd142;;;;;;www.fce.unal.edu.co;;;;;;;;
asd143;;;;;;www.fce.unal.edu.co;;;;;;;;
asd144;;;;;;www.fce.unal.edu.co;;;;;;;;
asd145;;;;;;www.fce.unal.edu.co;;;;;;;;
asd146;;;;;;www.fce.unal.edu.co;;;;;;;;
asd147;;;;;;www.fce.unal.edu.co;;;;;;;;
asd148;;;;;;www.fce.unal.edu.co;;;;;;;;
asd149;;;;;;www.fce.unal.edu.co;;;;;;;;
asd150;;;;;;www.fce.unal.edu.co;;;;;;;;
asd151;;;;;;www.fce.unal.edu.co;;;;;;;;
asd152;;;;;;www.fce.unal.edu.co;;;;;;;;
asd153;;;;;;www.fce.unal.edu.co;;;;;;;;
asd154;;;;;;www.fce.unal.edu.co;;;;;;;;
asd155;;;;;;www.fce.unal.edu.co;;;;;;;;
asd156;;;;;;www.fce.unal.edu.co;;;;;;;;
asd157;;;;;;www.fce.unal.edu.co;;;;;;;;
asd158;;;;;;www.fce.unal.edu.co;;;;;;;;
asd159;;;;;;www.fce.unal.edu.co;;;;;;;;
asd160;;;;;;www.fce.unal.edu.co;;;;;;;;
asd161;;;;;;www.fce.unal.edu.co;;;;;;;;
asd162;;;;;;www.fce.unal.edu.co;;;;;;;;
asd163;;;;;;www.fce.unal.edu.co;;;;;;;;
asd164;;;;;;www.fce.unal.edu.co;;;;;;;;
asd165;;;;;;www.fce.unal.edu.co;;;;;;;;
asd166;;;;;;www.fce.unal.edu.co;;;;;;;;
asd167;;;;;;www.fce.unal.edu.co;;;;;;;;
asd168;;;;;;www.fce.unal.edu.co;;;;;;;;
asd169;;;;;;www.fce.unal.edu.co;;;;;;;;
asd170;;;;;;www.fce.unal.edu.co;;;;;;;;
asd171;;;;;;www.fce.unal.edu.co;;;;;;;;
asd172;;;;;;www.fce.unal.edu.co;;;;;;;;
asd173;;;;;;www:fce.edu.co;;;;;;;;
asd174;;;;;;www.fce.unal.edu.co;;;;;;;;
asd175;;;;;;www.fce.unal.edu.co;;;;;;;;
asd176;;;;;;www.fce.unal.edu.co;;;;;;;;
asd177;;;;;;;;;;;;;;
asd178;;;;;;;;;;;;;;
asd179;;;;;;;;;;;;;;
asd180;;;;;;;;;;;;;;
asd181;;;;;;;;;;;;;;
asd182;;;;;;;;;;;;;;
asd183;;;;;;;;;;;;;;
asd184;;;;;;;;;;;;;;
asd185;;;;;;;;;;;;;;
asd186;;;;;;;;;;;;;;
asd187;;;;;;;;;;;;;;
asd188;;;;;;;;;;;;;;
asd189;;;;;;;;;;;;;;
asd190;;;;;;;;;;;;;;
asd191;;;;;;;;;;;;;;
asd192;;;;;;;;;;;;;;
asd193;;;;;;;;;;;;;;
asd194;;;;;;;;;;;;;;
asd195;;;;;;;;;;;;;;
asd196;;;;;;;;;;;;;;
asd197;;;;;;;;;;;;;;
asd198;;;;;;;;;;;;;;
asd199;;;;;;;;;;;;;;
asd200;Revista Portafolio;;;0123-6326;;;;;;;;;-;
asd201;Unperidico- Universidad Nacional De Colombia;;;1657-0987;;;;;;;;1;;
asd202;;;;En trámite;;;;;;;;;;
asd203;;;;N.D;;;;;;;;;;
asd204;;;;N.D;;;;;;;;;;
asd205;;;;987-958-719-574-3;;;;;;;;;;
asd206;;;;978-958-719-776-1;;;;;;;;;;
asd207;;;;978-958-719-368-8;;;;;;;;;;
asd208;;;;978-958-719-368-8;;;;;;;;;;
asd209;;;;978-958-8290-30-0;;;;;;;;;;
asd210;;;;84-61109-82-1;;;;;;;;;;
asd211;;;;84-61109-80-5;;;;;;;;;;
asd212;;;;84-61109-81-3;;;;;;;;;;
asd213;;;;84-61109-79-1;;;;;;;;;;
asd214;;;;8461109783;;;;;;;;;;
asd215;;;;84-611-0977-5;;;;;;;;;;
asd216;;;;8445501941;;;;;;;;;;
asd217;;;;8445501305;;;;;;;;;;
asd218;;Boissin J.P. Castagnos J.C., Guieu G.;;;Papel;;;Francés;Espańol;21;1;;;
asd1;Livestock Research For Rural Development;;;0121-3784;;;6;;;;;1;10;
asd2;Livestock Research For Rural Development;;;0121-3784;;;6;;;;;1;12;
asd3;Agronomía Mesoamericana;;;1021-7444;;;N/A;;;;;389;403;
asd4;Agronomía Mesoamericana;;;1659-1321;;;2;;;;;341;356;
asd5;Agronomía Mesoamericana;;;1021-7444;;;N/A;;;;;405;426;
asd6;Agronomía Mesoamericana;;;1021-7444;;;N/A;;;;;371;387;
asd7;Agronomía Mesoamericana;;;1021-7444;;;N/A;;;;;357;370;
asd8;Livestock Research For Rural Development;;;0121-3784;;;5;;;;;1;18;
asd9;Archivos De Zootecnia;;;1885-4494;;;;;;;;279;286;
asd10;Livestock Research For Rural Development;;;0121-3784;;;3;;;;;1;10;
asd11;Agronomía Mesoamericana;;;1021-7444;;;;;;;;272;288;
asd12;Agronomía Mesoamericana;;;1021-7444;;;;;;;;1;18;
asd13;Livestock Research For Rural Development;;;0121-3784;;;3;;;;;1;10;
asd14;Agronomía Mesoamericana;;;1021-7444;;;;;;;;20;42;
asd15;Agronomía Mesoamericana;;;1021-7444;;;;;;;;19;42;
asd16;Agronomía Mesoamericana;;;1021-7444;;;;;;;;292;302;
asd17;Journal Of Integrative Agriculture;;;2095-3119;;;1;;;;;151;161;
asd18;Journal Of Integrative Agriculture;;;2095-3119;;;1;;;;;151;161;
asd19;Revista Ces Medicina Veterinaria Y Zootecnia;;;1900-9607;;;3;;;;;23;34;
asd20;Agronomía Mesoamericana;;;1021-7444;;;1;;;;;213;222;
asd21;Revista Ces Medicina Veterinaria Y Zootecnia;;;1900-9607;;;03;;;;;23;34;
asd22;Agronomía Mesoamericana;;;1021-7444;;;1;;;;;187;196;
asd23;Agronomía Mesoamericana;;;1021-7444;;;1;;;;;273;228;
asd24;Agronomía Mesoamericana;;;1021-7444;;;1;;;;;1;18;
asd25;Agronomía Mesoamericana;;;1021-7444;;;1;;;;;19;42;
asd26;Livestock Research For Rural Development;;;0121-3784;;;10;;;;;1;12;
asd27;Livestock Research For Rural Development;;;0121-3784;;;10;;;;;1;12;
asd28;Livestock Research For Rural Development;;;0121-3784;;;8;;;;;1;12;
asd29;Livestock Research For Rural Development;;;0121-3784;;;8;;;;;1;12;
asd30;Livestock Research For Rural Development;;;0121-3784;;;7;;;;;1;11;
asd31;Livestock Research For Rural Development;;;0121-3784;;;7;;;;;1;10;
asd32;Livestock Research For Rural Development;;;0121-3784;;;5;;;;;1;10;
asd33;Livestock Research For Rural Development;;;0121-3784;;;5;;;;;1;10;
asd34;Livestock Research For Rural Development;;;0121-3784;;;NA;;;;;1;8;
asd35;Livestock Research For Rural Development;;;0121-3784;;;5;;;;;1;10;
asd36;Livestock Research For Rural Development;;;0121-3784;;;NA;;;;;1;7;
asd37;Livestock Research For Rural Development;;;0121-3784;;;NA;;;;;1;10;
asd38;Revista Colombiana De Ciencias Pecuarias;;;0120-0690;;;2;;;;;77;90;
asd39;Journal Of Food Engineering;;;0260-8774;;;N/A;;;;;208;213;
asd40;Revista Colombiana De Ciencia Animal;;;2027-1840;;;2;;;;;187;196;
asd41;Agronomía Mesoamericana;;;1021-7444;;;2;;;;;337;352;
asd42;Agronomía Mesoamericana;;;1021-7444;;;2;;;;;421;437;
asd43;Revista Ces Medicina Veterinaria Y Zootecnia;;;1900-9607;;;2;;;;;82;94;
asd44;Revista Ces Medicina Veterinaria Y Zootecnia;;;1900-9607;;;2;;;;;111;121;
asd45;Revista Ces Medicina Veterinaria Y Zootecnia;;;1900-9607;;;2;;;;;111;121;
asd46;Avances En Investigacion Agropecuaria;;;0188-7890;;;na;;;;;55;72;
asd47;Livestock Research For Rural Development;;;0121-3784;;;11;;;;;1;8;
asd48;Livestock Research For Rural Development;;;0121-3784;;;11;;;;;1;10;
asd49;Avances En Investigacion Agropecuaria;;;0188-7890;;;5;;;;;55;71;
asd50;Revista Mvz Córdoba;;;0122-0268;;;3;;;;;4726;4738;
asd51;Journal Of Dairy Science;;;1525-3198;;;NA;;;;;8775;8787;
asd52;Revista Mvz Córdoba;;;0122-0268;;;3;;;;;4726;4738;
asd53;Livestock Research For Rural Development;;;0121-3784;;;N/A;;;;;1;16;
asd54;Food Technology And Biotechnology;;;1330-9862;;;3;;;;;348;353;
asd55;Livestock Research For Rural Development;;;0121-3784;;;5;;;;;1;15;
asd56;Livestock Research For Rural Development;;;0121-3784;;;5;;;;;1;15;
asd57;Tropical Animal Health And Production;;;1573-7438;;;4;;;;;699;705;
asd58;Livestock Research For Rural Development;;;0121-3784;;;3;;;;;1;12;
asd59;Agronomía Mesoamericana;;;1021-7444;;;N/A;;;;;211;223;
asd60;Tropical Animal Health And Production;;;0049-4747;;;4;;;;;609;705;
asd61;Livestock Research For Rural Development;;;0121-3784;;;19;;;;;1;10;
asd62;Livestock Research For Rural Development;;;0121-3784;;;1;;;;;1;10;
asd63;Revista Chilena De Nutrición;;;0717-7518;;;1;;;;;35;40;
asd64;Revista Colombiana De Ciencias Pecuarias;;;0120-0690;;;1;;;;;64;73;
asd65;Livestock Research For Rural Development;;;0121-3784;;;1;;;;;1;10;
asd66;Revista Ces Medicina Veterinaria Y Zootecnia;;;1900-9607;;;2;;;;;307;323;
asd67;Livestock Research For Rural Development;;;0121-3784;;;216;;;;;1;10;
asd68;Revista Ces Medicina Veterinaria Y Zootecnia;;;1900-9607;;;2;;;;;307;323;
asd69;Revista Ces Medicina Veterinaria Y Zootecnia;;;1900-9607;;;2;;;;;295;306;
asd70;Livestock Research For Rural Development;;;0121-3784;;;12;;;;;1;10;
asd71;Livestock Research For Rural Development;;;0121-3784;;;11;;;;;1;10;
asd72;Livestock Research For Rural Development;;;0121-3784;;;11;;;;;1;12;
asd73;Journal Of Animal Science;;;0021-8812;;;10;;;;;4566;4576;
asd74;Livestock Research For Rural Development;;;0121-3784;;;9;;;;;1;8;
asd75;Revista Brasileira De Zootecnia;;;1806-9290;;;9;;;;;479;484;
asd76;Livestock Research For Rural Development;;;0121-3784;;;168;;;;;1;8;
asd77;Agronomía Mesoamericana;;;1021-7444;;;2;;;;;393;403;
asd78;Agronomía Mesoamericana;;;1021-7444;;;2;;;;;293;403;
asd79;Agronomía Mesoamericana;;;1021-7444;;;1;;;;;141;150;
asd80;Revista Mvz Córdoba;;;0122-0268;;;1;;;;;4015;4022;
asd81;Perspectivas En Nutrición Humana;;;0124-4108;;;1;;;;;83;96;
asd82;Livestock Research For Rural Development;;;0121-3784;;;1;;;;;1;10;
asd83;Revista Mvz Córdoba;;;0122-0268;;;1;;;;;4015;4022;
asd84;Agronomía Mesoamericana;;;1021-7444;;;1;;;;;141;150;
asd85;Livestock Research For Rural Development;;;0121-3784;;;1;;;;;1;8;
asd86;Revista Virtual Universidad Católica Del Norte;;;0124-5821;;;N/A;;;;;62;74;
asd87;Pastos Y Forrajes;;;0864-0394;;;1;;;;;31;37;
asd88;Revista Ces Medicina Veterinaria Y Zootecnia;;;1900-9607;;;2;;;;;42;51;
asd89;Revista Ces Medicina Veterinaria Y Zootecnia;;;1900-9607;;;2;;;;;42;51;
asd90;Revista Mvz Córdoba;;;0122-0268;;;3;;;;;3877;3885;
asd91;Revista Mvz Córdoba;;;0122-0268;;;3;;;;;3877;3885;
asd92;Revista Mvz Córdoba;;;0122-0268;;;3;;;;;3812;3821;
asd93;Livestock Research For Rural Development;;;0121-3784;;;11;;;;;1;10;
asd94;Livestock Research For Rural Development;;;0121-3784;;;11;;;;;1;10;
asd95;Revista Colombiana De Ciencias Pecuarias;;;0120-0690;;;3;;;;;441;441;
asd96;Revista Colombiana De Ciencias Pecuarias;;;0120-0690;;;3;;;;;400;400;
asd97;Revista Colombiana De Ciencias Pecuarias;;;0120-0690;;;3;;;;;159;168;
asd98;Livestock Research For Rural Development;;;0121-3784;;;9;;;;;1;8;
asd99;Revista Colombiana De Ciencias Pecuarias;;;0120-0690;;;3;;;;;169;176;
asd100;Revista Colombiana De Ciencias Pecuarias;;;0120-0690;;;3;;;;;159;168;
asd101;Revista Colombiana De Ciencias Pecuarias;;;0120-0690;;;3;;;;;169;176;
asd102;Livestock Research For Rural Development;;;0121-3784;;;9;;;;;1;;
asd103;Proceedings Of The Iii International Symposium On Forage Quality And Conservation;;;2175-4624;;;N/A;;;;;133;;
asd104;Revista Ces Medicina Veterinaria Y Zootecnia;;;1900-9607;;;1;;;;;23;32;
asd105;Proceedings Of The Iii International Symposium On Forage Quality And Conservation;;;2175-4624;;;N/A;;;;;133;134;
asd106;Perspectivas En Nutrición Humana;;;0124-4108;;;2;;;;;171;183;
asd107;Revista Colombiana De Ciencias Pecuarias;;;0120-0690;;;2;;;;;79;89;
asd108;Revista Colombiana De Ciencias Pecuarias;;;0120-0690;;;2;;;;;79;89;
asd109;Biotecnología En El Sector Agropecuario Y Agroindustrial;;;1692-3561;;;na;;;;;225;234;
asd110;Livestock Research For Rural Development;;;0121-3784;;;24;;;;;1;9;
asd111;Lipids;;;1558-9307;;;4;;;;;357;367;
asd112;Symbiosis;;;0334-5114;;;;;;;;65;71;
asd113;Materials Chemistry And Physics;;;0254-0584;;;2-3;;;;;580;585;
asd114;Revista Colombiana De Ciencias Pecuarias;;;2256-2958;;;2;;;;;108;118;
asd115;Animal : An International Journal Of Animal Bioscience;;;1751-732X;;;12;;;;;1961;1972;
asd116;Revista Colombiana De Ciencias Pecuarias;;;0120-0690;;;4;;;;;592;602;
asd117;Animal;;;1751-7311;;;12;;;;;1961;1972;
asd118;Revista Mvz Córdoba;;;0122-0268;;;3;;;;;3184;3192;
asd119;Revista Mvz Córdoba;;;0122-0268;;;3;;;;;3184;3192;
asd120;Journal Of The Science Of Food And Agriculture;;;1097-0010;;;15;;;;;2968;2974;
asd121;Revista Colombiana De Ciencias Pecuarias;;;0120-0690;;;4;;;;;592;602;
asd122;Livestock Research For Rural Development;;;0121-3784;;;10;;;;;180;;
asd123;Livestock Research For Rural Development;;;0121-3784;;;10;;;;;1;9;
asd124;Livestock Research For Rural Development;;;0121-3784;;;182;;;;;1;10;
asd125;Journal Of Environmental Management;;;0301-4797;;;1;;;;;210;214;
asd126;Revista U.D.C.A. Actualidad  Divulgación Científica;;;0123-4226;;;;;;;;409;417;
asd127;Journal of Agriculture and Animal Sciences;;;2256-3342;;;1;;;;;26;37;
asd128;Revista Colombiana De Ciencias Pecuarias;;;0120-0690;;;;;;;;258;266;
asd129;Journal of Agriculture and Animal Sciences;;;2256-3342;;;1;;;;;26;37;
asd130;Revista Facultad Nacional De Agronomía - Medellín;;;0304-2847;;;1;;;;;6467;6476;
asd131;Livestock Research For Rural Development;;;0121-3784;;;05;;;;;1;7;
asd132;Livestock Research For Rural Development;;;0121-3784;;;5;;;;;1;10;
asd133;Journal Of The Science Of Food And Agriculture;;;1097-0010;;;15;;;;;2968;2972;
asd134;Carta Fedegan;;;0123-2312;;;129;;;;;60;72;
asd135;Revista Colombiana De Ciencias Pecuarias;;;0120-0690;;;1;;;;;56;63;
asd136;Revista Colombiana De Ciencias Pecuarias;;;0120-0690;;;2;;;;;258;266;
asd137;Revista Colombiana De Ciencias Pecuarias;;;0120-0690;;;;;;;;56;63;
asd138;Journal Of Environmental Management;;;0301-4797;;;SUPPLEMENT;;;;;S210;S214;
asd139;Livestock Science;;;1871-1413;;;2;;;;;300;304;
asd140;Livestock Science;;;1871-1413;;;2;;;;;300;304;
asd141;Journal Of Environmental Management;;;0301-4797;;;1;;;;;203;209;
asd142;Actualidades Biológicas;;;0304-3584;;;;;;;;21;31;
asd143;Revista Mvz Córdoba;;;0122-0268;;;na;;;;;3200;3208;
asd144;Revista Virtual Universidad Católica Del Norte;;;0124-5821;;;N/A;;;;;234;253;
asd145;Revista Ces Medicina Veterinaria Y Zootecnia;;;1900-9607;;;2;;;;;53;60;
asd146;Revista Ces Medicina Veterinaria Y Zootecnia;;;1900-9607;;;2;;;;;53;60;
asd147;Revista Colombiana De Ciencias Pecuarias;;;0120-0690;;;4;;;;;623;633;
asd148;Revista Mvz Córdoba;;;0122-0268;;;3;;;;;2701;2710;
asd149;Revista Mvz Córdoba;;;0122-0268;;;3;;;;;2701;2710;
asd150;Livestock Research For Rural Development;;;0121-3784;;;N/A;;;;;1;10;
asd151;Revista Colombiana De Ciencias Pecuarias;;;0120-0690;;;4;;;;;623;633;
asd152;Livestock Research For Rural Development;;;0121-3784;;;11;;;;;1;10;
asd153;Livestock Research For Rural Development;;;0121-3784;;;11;;;;;1;12;
asd154;Revista Mvz Córdoba;;;0122-0268;;;3;;;;;1856;1886;
asd155;Chemosphere;;;0045-6535;;;1;;;;;129;134;
asd156;Livestock Research For Rural Development;;;0121-3784;;;9;;;;;217;229;
asd157;Revista Colombiana De Ciencias Pecuarias;;;0120-0690;;;4;;;;;598;608;
asd158;North American Journal Of Aquaculture;;;1522-2055;;;N/A;;;;;373;382;
asd159;Livestock Research For Rural Development;;;0121-3784;;;8;;;;;12;21;
asd160;Revista Colombiana De Ciencias Pecuarias;;;0120-0690;;;3;;;;;254;262;
asd161;Ernhrungs-Umschau;;;1841-7056;;;5;;;;;235;241;
asd162;Journal Of Environmental Management;;;0301-4797;;;1;;;;;S203;S209;
asd163;Food Chemistry;;;0308-8146;;;2;;;;;379;386;
asd164;Revista Cubana De Obstetrícia Y Ginecología;;;0138-600X;;;2;;;;;288;296;
asd165;Revista Colombiana De Ciencias Pecuarias;;;0120-0690;;;1;;;;;48;53;
asd166;Revista Colombiana De Ciencias Pecuarias;;;0120-0690;;;1;;;;;38;47;
asd167;Revista Colombiana De Ciencias Pecuarias;;;2256-2958;;;3;;;;;554;;
asd168;Revista Colombiana De Ciencias Pecuarias;;;2256-2958;;;4;;;;;403;;
asd169;Revista Colombiana De Ciencias Pecuarias;;;0120-0690;;;1;;;;;74;82;
asd170;Revista Colombiana De Ciencias Pecuarias;;;0120-0690;;;4;;;;;471;483;
asd171;Revista Colombiana De Ciencias Pecuarias;;;0120-0690;;;N/A;;;;;429;443;
asd172;Journal Of Agricultural And Food Chemistry;;;1520-5118;;;14;;;;;8407;8413;
asd173;Revista Colombiana De Biotecnologia;;;1909-8758;;;N/A;;;;;158;168;
asd174;Revista Lasallista De Investigacion;;;1794-4449;;;2;;;;;94;100;
asd175;Revista Lasallista De Investigacion;;;1794-4449;;;1;;;;;49;57;
asd176;Orinoquia;;;0121-3709;;;1;;;;;33;44;
asd177;Livestock Science;;;1871-1413;;;1-3;;;;;74;77;
asd178;Revista Colombiana De Ciencias Pecuarias;;;0120-0690;;;2;;;;;158;165;
asd179;Revista Colombiana De Ciencias Pecuarias;;;0120-0690;;;2;;;;;173;182;
asd180;Revista Colombiana De Ciencias Pecuarias;;;0120-0690;;;1;;;;;55;64;
asd181;Revista Colombiana De Ciencias Pecuarias;;;0120-0690;;;1;;;;;158;168;
asd182;Redvet;;;1695-7504;;;1;;;;;1;22;
asd183;Revista Colombiana De Ciencias Pecuarias;;;0120-0690;;;1;;;;;78;85;
asd184;Dyna;;;0012-7353;;;N/A;;;;;153;161;
asd185;Revista Colombiana De Ciencias Pecuarias;;;0120-0690;;;3;;;;;278;286;
asd186;Revista Mvz Córdoba;;;0122-0268;;;3;;;;;1856;1866;
asd187;Revista Colombiana De Ciencias Pecuarias;;;0120-0690;;;2;;;;;143;155;
asd188;Revista Lasallista De Investigacion;;;1794-4449;;;1;;;;;58;66;
asd189;Livestock Research For Rural Development;;;0121-3784;;;6;;;;;89;;
asd190;Revista Lasallista De Investigacion;;;1794-4449;;;1;;;;;50;57;
asd191;Revista Colombiana De Ciencias Pecuarias;;;0120-0690;;;2;;;;;131;142;
asd192;Revista Colombiana De Ciencias Pecuarias;;;0120-0690;;;2;;;;;143;155;
asd193;Meat Science;;;0309-1740;;;3;;;;;365;371;
asd194;Revista Colombiana De Ciencias Pecuarias;;;0120-0690;;;2;;;;;117;131;
asd195;Australasian Plant Pathology;;;0815-3191;;;1;;;;;514;517;
asd196;Livestock Research For Rural Development;;;0121-3784;;;04;;;;;1;6;
asd197;Revista Colombiana De Ciencias Pecuarias;;;0120-0690;;;3;;;;;565;565;
asd198;Revista Colombiana De Ciencias Pecuarias;;;0120-0690;;;3;;;;;562;562;
asd199;Revista Colombiana De Ciencias Pecuarias;;;0120-0690;;;3;;;;;648;658;
asd200;Revista Colombiana De Ciencias Pecuarias;;;0120-0690;;;3;;;;;563;563;
asd201;Revista Lasallista De Investigacion;;;1794-4449;;;1;;;;;35;42;
asd202;Revista Colombiana De Ciencias Pecuarias;;;0120-0690;;;3;;;;;409;409;
asd203;Revista Colombiana De Ciencias Pecuarias;;;0120-0690;;;3;;;;;562;562;
asd204;Livestock Research For Rural Development;;;0121-3784;;;7;;;;;1;8;
asd205;Revista Facultad Nacional De Agronomía - Medellín;;;0304-2847;;;1;;;;;4749;4759;
asd206;Livestock Research For Rural Development;;;0121-3784;;;4;;;;;1;13;
asd207;Revista Colombiana De Ciencias Pecuarias;;;0120-0690;;;1;;;;;27;38;
asd208;Revista Colombiana De Ciencias Pecuarias;;;0120-0690;;;;;;;;17;17;
asd209;Revista Colombiana De Ciencias Pecuarias;;;0120-0690;;;;;;;;24;24;
asd210;Tropical Animal Health And Production;;;0049-4747;;;3;;;;;401;410;
asd211;Livestock Research For Rural Development;;;0121-3784;;;04;;;;;1;12;
asd212;Livestock Research For Rural Development;;;0121-3784;;;4;;;;;1;12;
asd213;Livestock Research For Rural Development;;;0121-3784;;;10;;;;;1;12;
asd214;Revista Colombiana De Ciencias Pecuarias;;;0120-0690;;;;;;;;35;;
asd215;Revista Colombiana De Ciencias Pecuarias;;;0120-0690;;;;;;;;32;32;
asd216;Livestock Research For Rural Development;;;0121-3784;;;1;;;;;1;12;
asd217;Tropical Animal Health And Production;;;0049-4747;;;3;;;;;209;2016;
asd218;Livestock Research For Rural Development;;;0121-3784;;;4;;;;;1;16;
asd219;Revista Suelos Ecuatoriales;;;0562-1992;;;1;;;;;110;116;
asd220;Livestock Research For Rural Development;;;0121-3784;;;3;;;;;1;8;
asd221;Orinoquia;;;0121-3709;;;2;;;;;49;58;
asd222;Poultry Science;;;0;;;12;;;;;2685;2691;
asd223;Poultry Science;;;0;;;;;;;;225;231;
asd224;Poultry Science;;;0;;;1;;;;;168;174;
asd225;Poultry Science;;;0;;;1;;;;;175;181;
asd226;Journal Of Animal Science;;;0021-8812;;;;;;;;2173;2182;
asd227;Livestock Production Science;;;0301-6226;;;1;;;;;81;84;
asd228;Revista Colombiana De Ciencias Pecuarias;;;0120-0690;;;1;;;;;79;86;
asd229;Actualidades Biológicas;;;0304-3584;;;;;;;;;;
asd230;Revista Colombiana De Ciencias Pecuarias;;;0120-0690;;;3;;;;;318;326;
asd231;Revista Colombiana De Ciencias Pecuarias;;;0120-0690;;;1;;;;;79;86;
asd232;Revista Colombiana De Ciencias Pecuarias;;;0120-0690;;;;;;;;425;430;
asd233;Revista Colombiana De Ciencias Pecuarias;;;0120-0690;;;;;;;;250;259;
asd234;Livestock Research For Rural Development;;;0121-3784;;;;;;;;20;;
asd235;Revista Colombiana De Ciencias Pecuarias;;;0120-0690;;;;;;;;339;342;
asd236;Revista Colombiana De Ciencias Pecuarias;;;0120-0690;;;;;;;;260;268;
asd237;Revista Colombiana De Ciencias Pecuarias;;;0120-0690;;;;;;;;59;66;
asd238;Revista Colombiana De Ciencias Pecuarias;;;0120-0690;;;;;;;;183;192;
asd239;Revista Colombiana De Ciencias Pecuarias;;;0120-0690;;;;;;;;202;208;
asd240;Revista Colombiana De Ciencias Pecuarias;;;0120-0690;;;;;;;;288;303;
asd241;Revista Colombiana De Ciencias Pecuarias;;;0120-0690;;;;;;;;193;201;
asd242;Revista Colombiana De Ciencias Pecuarias;;;0120-0690;;;;;;;;209;215;
asd243;Livestock Research For Rural Development;;;0121-3784;;;2;;;;;225;;
asd244;Revista Colombiana De Ciencias Pecuarias;;;0120-0690;;;;;;;;327;338;
asd245;Livestock Research For Rural Development;;;0121-3784;;;;;;;;45;;
asd246;Orinoquia;;;0121-3709;;;2;;;;;49;58;
asd247;Livestock Research For Rural Development;;;0121-3784;;;3;;;;;1;10;
asd248;Revista Colombiana De Ciencias Pecuarias;;;0120-0690;;;2;;;;;174;182;
asd249;Revista Colombiana De Ciencias Pecuarias;;;0120-0690;;;2;;;;;141;148;
asd250;Revista Colombiana De Ciencias Pecuarias;;;0120-0690;;;4;;;;;149;156;
asd251;Revista Colombiana De Ciencias Pecuarias;;;0120-0690;;;2;;;;;174;182;
asd252;Revista Colombiana De Ciencias Pecuarias;;;0120-0690;;;2;;;;;141;148;
asd253;Poultry Science;;;0;;;;;;;;2639;2648;
asd254;Revista Lasallista De Investigacion;;;1794-4449;;;1;;;;;40;50;
asd255;Livestock Research For Rural Development;;;0121-3784;;;2;;;;;1;10;
asd256;Livestock Research For Rural Development;;;0121-3784;;;7;;;;;1;10;
asd257;Revista Electrónica de Ingeniería en Producción Acuícola;;;1909-8138;;;1;;;;;2;2;
asd258;Livestock Research For Rural Development;;;0121-3784;;;4;;;;;1;5;
asd259;Revista Colombiana de Ciencias Pecuarias;;;0;;;3;;;;;318;326;
asd260;Livestock Research For Rural Development;;;0121-3784;;;3;;;;;1;7;
asd261;Revista Colombiana De Ciencias Pecuarias;;;0120-0690;;;2;;;;;245;245;
asd262;Poultry Science;;;0032-5791;;;Supp 1;;;;;NA;;
asd263;Poultry Science;;;0032-5791;;;Submitted;;;;;;;
asd264;Poultry Science;;;0032-5791;;;Preparatio;;;;;;;
asd265;;;;;;;Preparatio;;;;;;;
asd266;Poultry Science;;;0032-5791;;;1;;;;;1;;
asd267;Poultry Science;;;0032-5791;;;Supp 1;;;;;SM40;;
asd268;Revista Colombiana De Ciencias Pecuarias;;;0120-0690;;;2;;;;;242;244;
asd269;Revista Colombiana De Ciencias Pecuarias;;;0120-0690;;;2;;;;;228;232;
asd270;Revista Colombiana De Ciencias Pecuarias;;;0120-0690;;;;;;;;;;
asd271;Reproduction In Domestic Animals;;;0936-6768;;;;;;;;5;11;
asd272;Revista Colombiana De Ciencias Pecuarias;;;0120-0690;;;2;;;;;245;245;
asd273;Livestock Research For Rural Development;;;0121-3784;;;5;;;;;1;15;
asd274;Livestock Research For Rural Development;;;0121-3784;;;7;;;;;1;15;
asd275;Livestock Research For Rural Development;;;0121-3784;;;09;;;;;1;17;
asd276;Revista Colombiana De Ciencias Pecuarias;;;0120-0690;;;3;;;;;259;269;
asd277;Revista Colombiana De Ciencias Pecuarias;;;0120-0690;;;4;;;;;407;414;
asd278;Revista Colombiana De Ciencias Pecuarias;;;0120-0690;;;4;;;;;407;414;
asd279;Revista Colombiana De Ciencias Pecuarias;;;0120-0690;;;3;;;;;259;269;
asd280;Uni-Pluriversidad;;;1657-4249;;;2;;;;;1;7;
asd281;Revista Colombiana De Ciencias Pecuarias;;;0120-0690;;;;;;;;;;
asd282;;;;;;;83;;;;;63;70;
asd283;American Journal Of Hematology;;;0361-8609;;;ACCEPT;;;;;;;
asd284;Revista Colombiana De Ciencias Pecuarias;;;0120-0690;;;;;;;;;;
asd285;Revista Cientifica-Facultad De Ciencias Veterinarias;;;0798-2259;;;evaluac;;;;;;;
asd286;Revista Colombiana De Ciencias Pecuarias;;;0120-0690;;;1;;;;;39;48;
asd287;Livestock Research For Rural Development;;;0121-3784;;;12;;;;;1;7;
asd288;Livestock Research For Rural Development;;;0121-3784;;;10;;;;;1;10;
asd289;Revista Colombiana De Ciencias Pecuarias;;;0120-0690;;;3;;;;;335;335;
asd290;Revista Colombiana De Ciencias Pecuarias;;;0120-0690;;;3;;;;;334;334;
asd291;Livestock Research For Rural Development;;;0121-3784;;;6;;;;;1;10;
asd292;Archivos Latinoamericanos De Produccion Animal;;;1022-1301;;;1;;;;;13;17;
asd293;Archivos Latinoamericanos De Produccion Animal;;;1022-1301;;;1;;;;;1;5;
asd294;Revista Colombiana De Ciencias Pecuarias;;;0120-0690;;;3;;;;;215;221;
asd295;Journal Of Thrombosis And Haemostasis : Jth;;;1538-7933;;;1;;;;;;;
asd296;Livestock Research For Rural Development;;;0121-3784;;;1;;;;;1;9;
asd297;Revista Colombiana De Ciencias Pecuarias;;;0120-0690;;;1;;;;;49;63;
asd298;Revista Colombiana De Ciencias Pecuarias;;;0120-0690;;;4;;;;;352;352;
asd299;Poultry Science;;;0032-5791;;;;;;;;1505;1509;
asd300;Poultry Science;;;0032-5791;;;Supp 1;;;;;515;;
asd301;Poultry Science;;;0032-5791;;;Supp 1;;;;;S30;;
asd302;Poultry Science;;;0032-5791;;;Supp 1;;;;;28;;
asd303;Revista Colombiana De Ciencias Pecuarias;;;0120-0690;;;4;;;;;335;335;
asd304;Revista Colombiana De Ciencias Pecuarias;;;0120-0690;;;4;;;;;334;334;
asd305;Revista Colombiana De Ciencias Pecuarias;;;0120-0690;;;4;;;;;334;334;
asd306;Revista Colombiana De Ciencias Pecuarias;;;0120-0690;;;4;;;;;335;335;
asd307;Redvet;;;1695-7504;;;12;;;;;25;;
asd308;Revista Colombiana De Ciencias Pecuarias;;;0120-0690;;;2;;;;;115;121;
asd309;Revista Lasallista De Investigacion;;;1794-4449;;;2;;;;;26;30;
asd310;Revista Lasallista De Investigacion;;;1794-4449;;;1;;;;;38;42;
asd311;Livestock Research For Rural Development;;;0121-3784;;;5;;;;;1;8;
asd312;Tropical Animal Health And Production;;;0049-4747;;;;;;;;;;
asd313;Livestock Research For Rural Development;;;0121-3784;;;4;;;;;1;17;
asd314;Livestock Research For Rural Development;;;0121-3784;;;5;;;;;1;15;
asd315;Livestock Research For Rural Development;;;0121-3784;;;6;;;;;1;14;
asd316;Revista Colombiana De Ciencias Pecuarias;;;0120-0690;;;;;;;;;;
asd317;Revista Colombiana De Ciencias Pecuarias;;;0120-0690;;;;;;;;;;
asd318;Livestock Research For Rural Development;;;0121-3784;;;4;;;;;1;17;
asd319;Revista Colombiana De Ciencias Pecuarias;;;0120-0690;;;4;;;;;351;351;
asd320;Revista Colombiana De Ciencias Pecuarias;;;0120-0690;;;4;;;;;352;353;
asd321;Revista Lasallista De Investigacion;;;1794-4449;;;4;;;;;43;48;
asd322;Revista Colombiana de Ciencias Pecuarias;;;0;;;3;;;;;246;257;
asd323;Revista De Agricultura Piracicaba;;;0034-7655;;;;;;;;;;
asd324;Revista Colombiana De Ciencias Pecuarias;;;0120-0690;;;4;;;;;;;
asd325;Revista Colombiana De Ciencias Pecuarias;;;0120-0690;;;4;;;;;334;334;
asd326;Revista Colombiana De Ciencias Pecuarias;;;0120-0690;;;;;;;;;;
asd327;Vitae;;;0121-4004;;;1;;;;;23;28;
asd328;Journal Of Thrombosis And Haemostasis : Jth;;;1538-7933;;;1;;;;;;;
asd329;Revista Colombiana De Ciencias Pecuarias;;;0120-0690;;;4;;;;;352;352;
asd330;Revista Colombiana De Ciencias Pecuarias;;;0120-0690;;;4;;;;;343;343;
asd331;Revista Colombiana De Ciencias Pecuarias;;;0120-0690;;;2;;;;;162;175;
asd332;Livestock Research For Rural Development;;;0121-3784;;;1;;;;;1;10;
asd333;Rev Col Cienc Pec;;;0;;;2;;;;;;;
asd334;Revista Colombiana De Ciencias Pecuarias;;;0120-0690;;;4;;;;;363;363;
asd335;Rev Col Cienc Pec;;;0;;;4;;;;;353;;
asd336;Rev Col Cienc Pec;;;0;;;4;;;;;;;
asd337;Journal Of Dairy Science;;;0022-0302;;;8;;;;;2455;2458;
asd338;Livestock Research For Rural Development;;;0121-3784;;;3;;;;;1;6;
asd339;Revista Colombiana De Ciencias Pecuarias;;;0120-0690;;;3;;;;;298;304;
asd340;Blood;;;0006-4971;;;11;;;;;;;
asd341;Revista Do Instituto De Laticínios Cndido Tostes;;;0100-3674;;;;;;;;65;70;
asd342;Iatreia;;;0121-0793;;;2;;;;;176;177;
asd343;Perspectivas En Nutrición Humana;;;0124-4108;;;;;;;;55;65;
asd344;Poultry Science;;;0032-5791;;;1;;;;;116;;
asd345;Poultry Science;;;0032-5791;;;Supp 1;;;;;117;;
asd346;Poultry Science;;;0032-5791;;;Supp 1;;;;;104;;
asd347;Revista Colombiana De Ciencias Pecuarias;;;0120-0690;;;;;;;;63;75;
asd348;Revista Colombiana De Ciencias Pecuarias;;;0120-0690;;;Suplemento;;;;;38;45;
asd349;Segundo Congreso Colombiano de Acuicultura;;;95897289;;;;;;;;101;103;
asd350;Revista Colombiana De Ciencias Pecuarias;;;0120-0690;;;3;;;;;298;304;
asd351;Aquatic;;;1578-4541;;;;;;;;52;61;
asd352;Revista Colombiana De Ciencias Pecuarias;;;0120-0690;;;1;;;;;143;155;
asd353;Revista Salud Pública Y Nutrición;;;1870-0160;;;4;;;;;;;
asd354;Livestock Research For Rural Development;;;0121-3784;;;11;;;;;;;
asd355;Livestock Research For Rural Development;;;0121-3784;;;5;;;;;290;300;
asd356;Livestock Research For Rural Development;;;0121-3784;;;5;;;;;300;310;
asd357;Iatreia;;;0121-0793;;;1;;;;;94;94;
asd358;Revista Colombiana De Ciencias Pecuarias;;;0120-0690;;;Supplement;;;;;39;39;
asd359;Iatreia;;;0121-0793;;;1;;;;;93;93;
asd360;Iatreia;;;0121-0793;;;1;;;;;88;88;
asd361;Revista Universidade Rural. Série Cincias Da Vida;;;0104-7264;;;1;;;;;39;45;
asd362;Revista Avicultores;;;0121-1358;;;2;;;;;36;40;
asd363;Revista Colombiana De Ciencias Pecuarias;;;0120-0690;;;Suplemento;;;;;27;27;
asd364;Revista Colombiana De Ciencias Pecuarias;;;0120-0690;;;Suplemento;;;;;74;74;
asd365;Revista Colombiana De Ciencias Pecuarias;;;0120-0690;;;Suplemento;;;;;28;28;
asd366;Pasturas Tropicales;;;1012-7410;;;2;;;;;47;53;
asd367;Blood;;;1528-0020;;;11;;;;;;;
asd368;Revista De La Asociación Colombiana De Ciencias Biológicas;;;0120-4173;;;2;;;;;;;
asd369;Revista Colombiana De Ciencias Pecuarias;;;0120-0690;;;2003;;;;;;;
asd370;Iatreia;;;0121-0793;;;1;;;;;;;
asd371;Revista Colombiana De Ciencias Pecuarias;;;0120-0690;;;1;;;;;26;32;
asd372;Poultry Science;;;0032-5791;;;1;;;;;110;110;
asd373;Poultry Science;;;0032-5791;;;Supp 1;;;;;s64;;
asd374;Poultry Science;;;0032-5791;;;Supp 1;;;;;26;;
asd375;World Aquaculture;;;1041-5602;;;;;;;;115;115;
asd376;Apunts. Educaci?N F?Sica Y Deportes;;;1577-4015;;;;;;;;5;16;
asd377;Revista Colombiana De Ciencias Pecuarias;;;0120-0690;;;3;;;;;249;256;
asd378;Revista Salud Pública Y Nutrición;;;1870-0160;;;;;;;;;;
asd379;Revista Colombiana De Ciencias Pecuarias;;;0120-0690;;;2;;;;;117;125;
asd380;Revista Colombiana De Ciencias Pecuarias;;;0120-0690;;;;;;;;20;;
asd381;Revista Colombiana De Ciencias Pecuarias;;;0120-0690;;;;;;;;20;20;
asd382;Revista Colombiana De Ciencias Pecuarias;;;0120-0690;;;;;;;;20;20;
asd383;Pasturas Tropicales;;;1012-7410;;;1;;;;;2;9;
asd384;Revista Colombiana De Ciencias Pecuarias;;;0120-0690;;;suplemento;;;;;27;27;
asd385;Revista Colombiana De Ciencias Pecuarias;;;0120-0690;;;3;;;;;291;291;
asd386;Revista Colombiana De Ciencias Pecuarias;;;0120-0690;;;3;;;;;290;290;
asd387;Revista Colombiana De Ciencias Pecuarias;;;0120-0690;;;2;;;;;185;185;
asd388;Revista Facultad Nacional De Agronomía - Medellín;;;0304-2847;;;;;;;;;;
asd389;Revista Colombiana De Ciencias Pecuarias;;;0120-0690;;;1;;;;;11;18;
asd390;Revista Colombiana De Ciencias Pecuarias;;;0120-0690;;;3;;;;;215;219;
asd391;Revista Colombiana de Biotecnología;;;0;;;2;;;;;52;57;
asd392;Ars Veterinaria;;;0102-6380;;;2;;;;;179;184;
asd393;Revista Do Instituto De Laticínios Cndido Tostes;;;0100-3674;;;324;;;;;8;10;
asd394;Revista Colombiana De Ciencias Pecuarias;;;0120-0690;;;2;;;;;213;225;
asd395;Revista Colombiana De Ciencias Pecuarias;;;0120-0690;;;;;;;;1;16;
asd396;Biology Of Reproduction;;;0006-3363;;;Suplem. 1;;;;;262;262;
asd397;Revista Colombiana De Ciencias Pecuarias;;;0120-0690;;;2;;;;;226;231;
asd398;Revista Colombiana De Ciencias Pecuarias;;;0120-0690;;;1;;;;;88;91;
asd399;Revista Colombiana De Ciencias Pecuarias;;;0120-0690;;;3;;;;;340;340;
asd400;Acta Médica Colombiana;;;0120-2448;;;5;;;;;316;317;
asd401;Revista Colombiana De Ciencias Pecuarias;;;0120-0690;;;2;;;;;240;246;
asd402;Revista Do Instituto De Laticínios Cndido Tostes;;;0100-3674;;;324;;;;;3;7;
asd403;Revista Brasileira De Zootecnia-Brazilian Journal Of Animal Science;;;0100-4859;;;;;;;;2070;2077;
asd404;Revista Colombiana De Ciencias Pecuarias;;;0120-0690;;;;;;;;198;206;
asd405;Revista Colombiana De Ciencias Pecuarias;;;0120-0690;;;319;;;;;;;
asd406;Memorias Do Instituto Oswaldo Cruz;;;0074-0276;;;5;;;;;641;642;
asd407;Revista Colombiana De Ciencias Pecuarias;;;0120-0690;;;3;;;;;373;379;
asd408;Revista Colombiana De Ciencias Pecuarias;;;0120-0690;;;2;;;;;207;212;
asd409;Despertar Lechero;;;0123-2096;;;;;;;;5;13;
asd410;Aquatic;;;1578-4541;;;17;;;;;;;
asd411;Revista Colombiana De Ciencias Pecuarias;;;0120-0690;;;3;;;;;286;292;
asd412;Revista Antioqueńa De Medicina Deportiva Y Ciencias Aplicadas Al Deporte Y A La Actividad Física;;;0124-5546;;;2;;;;;48;53;
asd413;Revista Colombiana De Ciencias Pecuarias;;;0120-0690;;;3;;;;;293;301;
asd414;Revista Colombiana De Ciencias Pecuarias;;;0120-0690;;;;;;;;80;87;
asd415;Revista Colombiana de Ciencias Pecuarias;;;0120069;;;;;;;;88;91;
asd416;Revista Colombiana De Ciencias Pecuarias;;;0120-0690;;;2;;;;;240;246;
asd417;Revista Colombiana De Ciencias Pecuarias;;;0120-0690;;;2;;;;;207;212;
asd418;Revista Colombiana De Ciencias Pecuarias;;;0120-0690;;;;;;;;67;67;
asd419;Revista Colombiana De Ciencias Pecuarias;;;0120-0690;;;;;;;;68;68;
asd420;Archivos Latinoamericanos De Produccion Animal;;;1022-1301;;;2;;;;;74;78;
asd421;Revista Do Instituto De Laticínios Cndido Tostes;;;0100-3674;;;322;;;;;16;19;
asd422;Suelos Ecuatoriales;;;0562-5351;;;2;;;;;249;255;
asd423;Revista Colombiana De Ciencias Pecuarias;;;0120-0690;;;Suplemento;;;;;91;91;
asd424;Revista Colombiana De Ciencias Pecuarias;;;0120-0690;;;Suplemento;;;;;91;91;
asd425;Revista Colombiana De Ciencias Pecuarias;;;0120-0690;;;Suplemento;;;;;69;69;
asd426;Revista Colombiana De Ciencias Pecuarias;;;0120-0690;;;;;;;;74;74;
asd427;Revista Colombiana De Ciencias Pecuarias;;;0120-0690;;;Suplemento;;;;;91;91;
asd428;Revista Colombiana De Ciencias Pecuarias;;;0120-0690;;;2;;;;;162;164;
asd429;Revista Colombiana De Ciencias Pecuarias;;;0120-0690;;;Suplemento;;;;;40;40;
asd430;Anais da Sociedade Brasileira de Zootecnia;;;0;;;2001;;;;;1203;1204;
asd431;Anais da Sociedade Brasileira de Zootecnia;;;0;;;2001;;;;;166;167;
asd432;Anais da Sociedade Brasileira de Zootecnia;;;0;;;2001;;;;;165;166;
asd433;Revista Colombiana De Ciencias Pecuarias;;;0120-0690;;;;;;;;69;69;
asd434;Revista Colombiana De Ciencias Pecuarias;;;0120-0690;;;;;;;;69;69;
asd435;Viith International Congress Of Androlofy;;;0;;;;;;;;;;
asd436;Uni-Pluriversidad;;;1657-4249;;;2;;;;;25;28;
asd437;Revista De La Universidad De Caldas;;;0120-1492;;;1;;;;;121;132;
asd438;Proceedings Of The Viith International Congress Of Andrology;;;0;;;;;;;;;;
asd439;Despertar Lechero;;;0123-2096;;;;;;;;79;90;
asd440;Revista Colombiana De Ciencias Pecuarias;;;0120-0690;;;Suplemento;;;;;27;27;
asd441;Revista Colombiana De Ciencias Pecuarias;;;0120-0690;;;suplemento;;;;;40;40;
asd442;Revista Colombiana De Ciencias Pecuarias;;;0120-0690;;;Suplemento;;;;;51;51;
asd443;Revista Colombiana De Ciencias Pecuarias;;;0120-0690;;;Suplemento;;;;;27;27;
asd444;Revista Colombiana De Ciencias Pecuarias;;;0120-0690;;;Suplemento;;;;;40;40;
asd445;Revista Colombiana De Ciencias Pecuarias;;;0120-0690;;;Suplemento;;;;;40;40;
asd446;Revista Colombiana De Ciencias Pecuarias;;;0120-0690;;;Suplemento;;;;;40;40;
asd447;Revista Colombiana De Ciencias Pecuarias;;;0120-0690;;;Suplemento;;;;;41;41;
asd448;Revista Colombiana De Ciencias Pecuarias;;;0120-0690;;;Suplemento;;;;;45;45;
asd449;Revista Colombiana De Ciencias Pecuarias;;;0120-0690;;;Suplemento;;;;;45;45;
asd450;Revista Colombiana De Ciencias Pecuarias;;;0120-0690;;;Suplemento;;;;;45;45;
asd451;Revista Colombiana De Ciencias Pecuarias;;;0120-0690;;;Suplemento;;;;;46;46;
asd452;Revista Colombiana De Ciencias Pecuarias;;;0120-0690;;;Suplemento;;;;;46;46;
asd453;Revista Colombiana De Ciencias Pecuarias;;;0120-0690;;;Suplemento;;;;;46;46;
asd454;Revista Colombiana De Ciencias Pecuarias;;;0120-0690;;;Suplemento;;;;;46;46;
asd455;Revista Colombiana De Ciencias Pecuarias;;;0120-0690;;;Suplemento;;;;;47;47;
asd456;Revista Colombiana De Ciencias Pecuarias;;;0120-0690;;;;;;;;75;;
asd457;Revista Colombiana De Ciencias Pecuarias;;;0120-0690;;;;;;;;45;;
asd458;Iatreia;;;0121-0793;;;2;;;;;11;121;
asd459;Revista Colombiana De Ciencias Pecuarias;;;0120-0690;;;1;;;;;65;65;
asd460;Iatreia;;;0121-0793;;;4;;;;;237;245;
asd461;Revista Brasileira De Zootecnia-Brazilian Journal Of Animal Science;;;0100-4859;;;6;;;;;2051;2056;
asd462;Iatreia;;;0121-0793;;;2;;;;;92;93;
asd463;Revista Educacion Fisica Y Deporte;;;0121-7461;;;10;;;;;41;58;
asd464;Revista Colombiana De Ciencias Pecuarias;;;0120-0690;;;;;;;;11;18;
asd465;Revista Educacion Fisica Y Deporte;;;0121-7461;;;10;;;;;73;82;
asd466;Revista Academus Universidad De Caldas;;;0121-974X;;;;;;;;45;52;
asd467;Pasturas Tropicales;;;1012-7410;;;1;;;;;26;30;
asd468;Revista Acta Agronómica;;;0;;;;;;;;;;
asd469;Revista Horizontes Naturales Facultad De Cienicas Exactas Y Naturales;;;0123-9139;;;2;;;;;77;83;
asd470;Interciencia;;;0378-1844;;;6;;;;;299;302;
asd471;Avicultura Empresarial;;;0121-9529;;;44;;;;;;;
asd472;Iatreia;;;0121-0793;;;2;;;;;111;111;
asd473;Revista de La Asociación Colombiana de Porcicultores;;;0;;;63 y 64;;;;;;;
asd474;Revista Colombiana De Ciencias Pecuarias;;;0120-0690;;;;;;;;226;;
asd475;Revista Horizontes Naturales Facultad De Cienicas Exactas Y Naturales;;;0123-9139;;;1;;;;;37;41;
asd476;American Journal Of Reproductive Immunology;;;8755-8920;;;;;;;;394;395;
asd477;Revista Avicultores de Fenavi;;;0;;;50;;;;;;;
asd478;Revista Colombiana De Ciencias Pecuarias;;;0120-0690;;;Suplemento;;;;;75;75;
asd479;Revista Colombiana De Ciencias Pecuarias;;;0120-0690;;;Suplemento;;;;;75;75;
asd480;Revista Colombiana De Ciencias Pecuarias;;;0120-0690;;;Suplemento;;;;;74;74;
asd481;Revista Colombiana De Ciencias Pecuarias;;;0120-0690;;;Suplemento;;;;;55;55;
asd482;Revista Colombiana De Ciencias Pecuarias;;;0120-0690;;;Suplemento;;;;;73;73;
asd483;Revista Colombiana De Ciencias Pecuarias;;;0120-0690;;;Suplemento;;;;;82;82;
asd484;Revista Colombiana De Ciencias Pecuarias;;;0120-0690;;;;;;;;253;;
asd485;Revista Avicultura Empresarial;;;0;;;36;;;;;;;
asd486;Revista Avicultura Empresarial;;;0;;;39;;;;;;;
asd487;Revista Avicultores;;;0121-1358;;;;;;;;34;36;
asd488;Revista Colombiana De Ciencias Pecuarias;;;0120-0690;;;Suplemento;;;;;sp;sp;
asd489;Agricultura Tropical;;;0365-2793;;;1;;;;;51;55;
asd490;American Journal Of Reproductive Immunology;;;8755-8920;;;;;;;;456;457;
asd491;Agronomía;;;0568-3076;;;1;;;;;12;15;
asd492;Agricultura Tropical;;;0365-2793;;;2;;;;;21;41;
asd493;Agronomía;;;0568-3076;;;1;;;;;5;7;
asd494;Revista Facultad Nacional De Agronomía - Medellín;;;0304-2847;;;;;;;;;;
asd495;Suelos Ecuatoriales;;;0562-5351;;;1;;;;;136;139;
asd496;Acovez;;;0120-1530;;;3;;;;;22;25;
asd497;Agronomía;;;0568-3076;;;3;;;;;18;23;
asd498;Revista Del I.C.N.E. - Instituto De Ciencias Naturales Y Ecologia;;;0121-0904;;;1;;;;;67;78;
asd499;Revista Colombiana De Ciencias Pecuarias;;;0120-0690;;;suplemento;;;;;93;95;
asd500;Acovez;;;0120-1530;;;1;;;;;30;34;
asd501;Agronomía;;;0568-3076;;;2;;;;;32;36;
asd502;;;;978-958-8947-81-5;;;;;;;;;;
asd503;;;;978-958-8947-25-9;;;;;;;;;;
asd504;;;;9789588709352;;;;;;;;;;
asd505;;;;9789588709352;;;;;;;;;;
asd506;;;Mezclas minerales múltiples para la alimentación de bovinos;978-958-8947-25-9;;;;;;;;1;45;
asd507;;;Beneficial Plant-Interactions. Ecology And Applications.;978-1466-58-717-2;;;;;;;;1;19;
asd508;;;Soil Fertility Improvement And Integrated Nutrient Management  A Global Perspective Picture 1.;978-953-307-945-5;;;;;;;;201;216;
asd509;;;Aquaculture;978-953-307-974-5;;;;;;;;242;268;
asd510;;;Soil Fertility Improvement And Integrated Nutrient Management  A Global Perspective Picture 1.;978-953-307-945-5;;;;;;;;201;217;
asd511;;;Desarrollo Y Transversalidad;978-958-8406-14-5;;;;;;;;93;110;
asd512;;;Desarrollo Y Transversalidad;978-958-8406-14-5;;;;;;;;110;;
asd513;;;Ganadería Del Futuro: Investigación Para El Desarrollo.;978-958-9386-55-2;;;;;;;;417;430;
asd514;;;Buenas Prácticas De Producción Primaria De Leche;978-958-97629-8-1;;;;;;;;143;151;
asd515;;;Ganadería Del Futuro: Investigación Para El Desarrollo.;978-958-9386-55-2;;;;;;;;30;45;
asd516;;;Memorias del III simposio búfalos de las Américas;0;;;;;;;;;;
asd517;;;Bioquímica, Nutrición Y Alimentación De La Vaca;9789583372773;;;;;;;;15;43;
asd518;;;Bioquímica, Nutrición Y Alimentación De La Vaca;9583372773;;;;;;;;161;180;
asd519;;;Bioquímica, Nutrición Y Alimentación De La Vaca;9583372773;;;;;;;;303;330;
asd520;;;Bioquímica, Nutrición Y Alimentación De La Vaca;9583372773;;;;;;;;283;301;
asd521;;;Bioquímica, Nutrición Y Alimentación De La Vaca;9583372773;;;;;;;;181;206;
asd522;;;Bioquímica, Nutrición Y Alimentación De La Vaca;9583372773;;;;;;;;137;157;
asd523;;;Bioquímica, Nutrición Y Alimentación De La Vaca;9583372773;;;;;;;;111;136;
asd524;;;Ganado BON, Contribución a la preservación y propagación del Ganado Criollo Colombiano;958-33-501;;;;;;;;;;
asd525;;;Tres Especies Vegetales Promisorias Para Sistemas Sostenibles De Producción Agropecuaria: Nacedero Trichanthera Gigantea - Botón De Oro Tithonia Diversifolia - Bore Alocasia Macrorrhiza;958-9386-32-6;;;;;;;;250;260;
asd526;;;Reflexión alrededor de la bioética global;0;;;;;;;;197;219;
asd527;;;Conferences, 1ST BUFFALO SYMPOSIUM OF THE AMERICAS;0;;;;;;;;267;280;
asd528;;;Sabanas,Vegas Y Palmares;958-9477-18-6;;;;;;;;20;30;
asd529;;;Conferencias de la XX Reunión Científica Anual de la Asociación Peruana de Producción Animal;0;;;;;;;;;;
asd530;;;El cultivo de moluscos en América Latina;0;;;;;;;;173;187;
asd531;;;;;;http://www.nutricionanimal.net/tecnicos/articulos/noguera.htm;;;;;;;;
asd532;;;;;;;;;;;;;;
asd533;;;;;;;;;;;;;;
asd534;;;;;;;;;;;;;;
asd535;;;;;;;;;;;;;;
asd536;;Ricardo Rosero Noguera;;;;;;;;;;;;
asd537;;Ricardo Rosero Noguera;;;;;;;;;;;;
asd538;;Sandra Lucía Posada Ochoa;;;;;;;;;;;;
asd539;;;;;;;;;;;;;;
asd540;;;;;;;;;;;;;;
asd541;;;;;;;;;;;;;;
asd542;;;;;;;;;;;;;;
asd543;;;;;;;;;;;;;;
asd544;;;;;;;;;;;;;;
asd545;;;;;;;;;;;;;;
asd546;;;;;;;;;;;;;;
asd547;;;;;;;;;;;;;;
asd548;;;;;;;;;;;;;;
asd549;Carta Fedegan;;;0123-2312;;;;;;;;60;72;
asd550;Revista Avicultores;;;0121-1358;;;;;;;;15;;
asd551;Revista Colombiana De Ciencias Pecuarias;;;0120-0690;;;;;;;;351;351;
asd552;Revista Colombiana De Ciencias Pecuarias;;;0120-0690;;;;;;;;354;354;
asd553;Revista Colombiana De Ciencias Pecuarias;;;0120-0690;;;;;;;;353;353;
asd554;Revista Portal Ganadero;;;1794-0893;;;;;;;;20;21;
asd555;Bovinos;;;0;;;;;;;;7;8;
asd556;El búfalo;;;0;;;;;;;;5;10;
asd557;El Búfalo Publicación oficial de la Asociación Colombiana de Bufalistas;;;0;;;;;;;;9;14;
asd558;Revista Portal Ganadero;;;1794-0893;;;;;;;;26;27;
asd559;Revista Portal Ganadero;;;1794-0893;;;;;;;;17;18;
asd560;Educación física y deporte;;;0;;;;;;;;103;115;
asd561;Revista Holstein de Colombia;;;0;;;;;;;;19;21;
asd562;El búfalo, Publicación oficial de la Asociación Colombiana de Bufalistas. N 7;;;0;;;;;;;;20;22;
asd563;Holstein Colombia;;;0123-0557;;;;;;;;22;24;
asd564;Boletín de la Asociación Colombiana de Bufalistas;;;0;;;;;;;;;;
asd565;Boletin de la ACB;;;0;;;;;;;;6;8;
asd566;Revista Holstein de Colombia;;;0;;;;;;;;;;
asd567;El Periodico Extremadura;;;0;;;;;;;;48;48;
asd568;Boletín Asociación de Zootecnistas de Antioquia;;;0;;;;;;;;;;
asd569;Boletín Asociación de Zootecnistas de Antioquia;;;0;;;;;;;;;;
asd570;Boletín Asociación de Zootecnistas de Antioquia;;;0;;;;;;;;;;
asd571;Boletín Asociación de Zootecnistas de Antioquia;;;0;;;;;;;;;;
asd572;;;;;;;;;;;;;;
asd573;;;;9586558231;;;;;;;;;;
asd574;;;;;;;;;;;;;;
asd575;;;;;;;;;;;;;;
asd576;;Mattmiller B.;;;Papel;;;Inglés;Espańol;0;;;;
